Date,Visiting,Home,Initial Call,Challenging Team,Result,Placeholder,Outcome,Period,Time,Link
10/24/23,PHX,GSW,Defensive Foul,GSW,Challenge,,Lost,4,4:41,https://videos.nba.com/nba/official-replay/media/trigger16_phxgsw_1_102423_approved_1280x720.mp4
10/25/23,ATL,CHA,Offensive Foul,CHA,Challenge,,Won,2,1:12,https://videos.nba.com/nba/official-replay/media/trigger16_atlcha_1_102523_approved_1280x720.mp4
10/25/23,BOS,NYK,Home Team Possession,BOS,Challenge,,Lost,1,2:30,https://videos.nba.com/nba/official-replay/media/trigger17_bosnyk_1_102523_approved_1280x720.mp4
10/25/23,OKC,CHI,Defensive Foul,OKC,Challenge,,Won,2,11:47,https://videos.nba.com/nba/official-replay/media/trigger16_okcchi_1_102523_approved_1280x720.mp4
10/25/23,ATL,CHA,Away Team Possession,CHA,Challenge,,Won,3,3:24,https://videos.nba.com/nba/official-replay/media/trigger17_atlcha_1_102523_approved_1280x720.mp4
10/25/23,WAS,IND,Defensive Foul,IND,Challenge,,Lost,4,5:41,https://videos.nba.com/nba/official-replay/media/trigger16_wasind_1_102523_approved_1280x720.mp4
10/25/23,HOU,ORL,Offensive Foul,HOU,Challenge,,Lost,4,6:40,https://videos.nba.com/nba/official-replay/media/trigger16_houorl_1_102523_approved_1280x720.mp4
10/25/23,HOU,ORL,Defensive Foul,ORL,Challenge,,Won,4,3:29,https://videos.nba.com/nba/official-replay/media/trigger16_houorl_2_102523_approved_1280x720.mp4
10/25/23,BOS,NYK,Defensive Foul,NYK,Challenge,,Lost,4,3:56,https://videos.nba.com/nba/official-replay/media/trigger16_bosnyk_1_102523_approved_1280x720.mp4
10/25/23,NOP,MEM,Defensive Foul,MEM,Challenge,,Won,3,5:58,https://videos.nba.com/nba/official-replay/media/trigger16_nopmem_1_102523_approved_1280x720.mp4
10/25/23,NOP,MEM,Home Team Possession,NOP,Challenge,,Lost,4,3:50,https://videos.nba.com/nba/official-replay/media/trigger17_nopmem_1_102523_approved_1280x720.mp4
10/25/23,SAC,UTA,Loose Ball Foul,UTA,Challenge,,Lost,4,8:56,https://videos.nba.com/nba/official-replay/media/trigger16_sacuta_1_102523_approved_1280x720.mp4
10/25/23,SAC,UTA,Loose Ball Foul,SAC,Challenge,,Lost,4,5:36,https://videos.nba.com/nba/official-replay/media/trigger16_sacuta_3_102523_approved_1280x720.mp4
10/25/23,POR,LAC,Defensive Foul,LAC,Challenge,,Lost,4,1:50,https://videos.nba.com/nba/official-replay/media/trigger16_porlac_1_102523_approved_1280x720.mp4
10/26/23,PHI,MIL,Defensive Foul,PHI,Challenge,,Won,4,10:05,https://videos.nba.com/nba/official-replay/media/trigger16_phimil_1_102623_approved_1280x720.mp4
10/26/23,PHI,MIL,Defensive Foul,MIL,Challenge,,Won,4,3:02,https://videos.nba.com/nba/official-replay/media/trigger16_phimil_2_102623_approved_1280x720.mp4
10/26/23,PHI,MIL,Defensive Foul,PHI,Challenge,,Lost,4,00:11.9,https://videos.nba.com/nba/official-replay/media/trigger16_phimil_3_102623_approved_1280x720.mp4
10/26/23,PHX,LAL,Defensive Foul,LAL,Challenge,,Won,1,10:13,https://videos.nba.com/nba/official-replay/media/trigger16_phxlal_1_102623_approved_1280x720.mp4
10/26/23,PHX,LAL,Away Team Possession,PHX,Challenge,,Won,3,00:40.8,https://videos.nba.com/nba/official-replay/media/trigger17_phxlal_1_102623_approved_1280x720.mp4
10/26/23,PHX,LAL,Defensive Foul,PHX,Challenge,,Won,4,2:19,https://videos.nba.com/nba/official-replay/media/trigger16_phxlal_2_102623_approved_1280x720.mp4
10/27/23,DEN,MEM,Offensive Foul,DEN,Challenge,,Won,2,2:06,https://videos.nba.com/nba/official-replay/media/trigger16_denmem_1_102723_approved_1280x720.mp4
10/27/23,DET,CHA,Goaltending,CHA,Challenge,,Won,3,2:42,https://videos.nba.com/nba/official-replay/media/trigger18_detcha_1_102723_approved_1280x720.mp4
10/27/23,TOR,CHI,Offensive Foul,TOR,Challenge,,Won,2,1:48,https://videos.nba.com/nba/official-replay/media/trigger16_torchi_1_102723_approved_1280x720.mp4
10/27/23,DET,CHA,Home Team Possession,DET,Challenge,,Won,4,9:50,https://videos.nba.com/nba/official-replay/media/trigger17_detcha_1_102723_approved_1280x720.mp4
10/27/23,DEN,MEM,Defensive Foul,MEM,Challenge,,Won,4,3:53,https://videos.nba.com/nba/official-replay/media/trigger16_denmem_2_102723_approved_1280x720.mp4
10/27/23,TOR,CHI,Offensive Foul,CHI,Challenge,,Won,3,7:09,https://videos.nba.com/nba/official-replay/media/trigger16_torchi_2_102723_approved_1280x720.mp4
10/27/23,TOR,CHI,Offensive Foul,TOR,Challenge,,Lost,3,2:47,https://videos.nba.com/nba/official-replay/media/trigger16_torchi_3_102723_approved_1280x720.mp4
10/27/23,OKC,CLE,Defensive Foul,OKC,Challenge,,Won,4,1:29,https://videos.nba.com/nba/official-replay/media/trigger16_okccle_1_102723_approved_1280x720.mp4
10/27/23,TOR,CHI,Defensive Foul,CHI,Challenge,,Won,4,10:02,https://videos.nba.com/nba/official-replay/media/trigger16_torchi_4_102723_approved_1280x720.mp4
10/27/23,MIA,BOS,Defensive Foul,MIA,Challenge,,Lost,4,00:47.4,https://videos.nba.com/nba/official-replay/media/trigger16_miabos_1_102723_approved_1280x720.mp4
10/27/23,HOU,SAS,Defensive Foul,HOU,Challenge,,Lost,4,4:36,https://videos.nba.com/nba/official-replay/media/trigger16_housas_1_102723_approved_1280x720.mp4
10/27/23,HOU,SAS,Goaltending,SAS,Challenge,,Lost,5,2:09,https://videos.nba.com/nba/official-replay/media/trigger18_housas_1_102723_approved_1280x720.mp4
10/27/23,BKN,DAL,Away Team Possession,DAL,Challenge,,Lost,4,00:04.7,https://videos.nba.com/nba/official-replay/media/trigger17_bkndal_1_102723_approved_1280x720.mp4
10/27/23,LAC,UTA,Home Team Possession,LAC,Challenge,,Lost,3,2:45,https://videos.nba.com/nba/official-replay/media/trigger17_lacuta_1_102723_approved_1280x720.mp4
10/27/23,LAC,UTA,Defensive Foul,UTA,Challenge,,Lost,4,7:34,https://videos.nba.com/nba/official-replay/media/trigger16_lacuta_1_102723_approved_1280x720.mp4
10/27/23,ORL,POR,Offensive Foul,POR,Challenge,,Won,3,5:37,https://videos.nba.com/nba/official-replay/media/trigger16_orlpor_1_102723_approved_1280x720.mp4
10/27/23,ORL,POR,Defensive Foul,ORL,Challenge,,Won,4,5:54,https://videos.nba.com/nba/official-replay/media/trigger16_orlpor_2_102723_approved_1280x720.mp4
10/27/23,GSW,SAC,Defensive Foul,GSW,Challenge,,Lost,4,1:15,https://videos.nba.com/nba/official-replay/media/trigger16_gswsac_1_102723_approved_1280x720.mp4
10/28/23,MIA,MIN,Offensive Foul,MIN,Challenge,,Won,4,8:25,https://videos.nba.com/nba/official-replay/media/trigger16_miamin_1_102823_approved_1280x720.mp4
10/28/23,UTA,PHX,Away Team Possession,PHX,Challenge,,Won,2,00:06.8,https://videos.nba.com/nba/official-replay/media/trigger17_utaphx_1_102823_approved_1280x720.mp4
10/28/23,UTA,PHX,Defensive Foul,PHX,Challenge,,Lost,3,5:01,https://videos.nba.com/nba/official-replay/media/trigger16_utaphx_1_102823_approved_1280x720.mp4
10/29/23,ATL,MIL,Defensive Foul,ATL,Challenge,,Won,1,00:36.4,https://videos.nba.com/nba/official-replay/media/trigger16_atlmil_1_102923_approved_1280x720.mp4
10/29/23,GSW,HOU,Defensive Foul,HOU,Challenge,,Lost,4,6:03,https://videos.nba.com/nba/official-replay/media/trigger16_gswhou_1_102923_approved_1280x720.mp4
10/29/23,GSW,HOU,Offensive Foul,GSW,Challenge,,Lost,4,2:07,https://videos.nba.com/nba/official-replay/media/trigger16_gswhou_2_102923_approved_1280x720.mp4
10/29/23,SAS,LAC,Defensive Foul,LAC,Challenge,,Lost,3,4:59,https://videos.nba.com/nba/official-replay/media/trigger16_saslac_1_102923_approved_1280x720.mp4
10/29/23,LAL,SAC,Defensive Foul,LAL,Challenge,,Won,3,6:21,https://videos.nba.com/nba/official-replay/media/trigger16_lalsac_1_102923_approved_1280x720.mp4
10/30/23,BOS,WAS,Home Team Possession,BOS,Challenge,,Won,2,7:27,https://videos.nba.com/nba/official-replay/media/trigger17_boswas_1_103023_approved_1280x720.mp4
10/30/23,DET,OKC,Defensive Foul,DET,Challenge,,Lost,2,10:48,https://videos.nba.com/nba/official-replay/media/trigger16_detokc_1_103023_approved_1280x720.mp4
10/30/23,DAL,MEM,Defensive Foul,DAL,Challenge,,Lost,2,5:46,https://videos.nba.com/nba/official-replay/media/trigger16_dalmem_1_103023_approved_1280x720.mp4
10/30/23,BKN,CHA,Defensive Foul,BKN,Challenge,,Won,4,10:56,https://videos.nba.com/nba/official-replay/media/trigger16_bkncha_1_103023_approved_1280x720.mp4
10/30/23,MIA,MIL,Away Team Possession,MIL,Challenge,,Won,2,4:10,https://videos.nba.com/nba/official-replay/media/trigger17_miamil_1_103023_approved_1280x720.mp4
10/30/23,BOS,WAS,Home Team Possession,BOS,Challenge,,Won,4,5:31,https://videos.nba.com/nba/official-replay/media/trigger17_boswas_2_103023_approved_1280x720.mp4
10/30/23,BKN,CHA,Defensive Foul,CHA,Challenge,,Lost,4,6:45,https://videos.nba.com/nba/official-replay/media/trigger16_bkncha_2_103023_approved_1280x720.mp4
10/30/23,CHI,IND,Defensive Foul,IND,Challenge,,Lost,4,00:32.2,https://videos.nba.com/nba/official-replay/media/trigger16_chiind_1_103023_approved_1280x720.mp4
10/30/23,CHI,IND,Defensive Foul,CHI,Challenge,,Won,4,00:12.4,https://videos.nba.com/nba/official-replay/media/trigger16_chiind_2_103023_approved_1280x720.mp4
10/30/23,DET,OKC,Defensive Foul,OKC,Challenge,,Won,3,5:33,https://videos.nba.com/nba/official-replay/media/trigger16_detokc_2_103023_approved_1280x720.mp4
10/30/23,DAL,MEM,Offensive Foul,MEM,Challenge,,Lost,4,11:24,https://videos.nba.com/nba/official-replay/media/trigger16_dalmem_2_103023_approved_1280x720.mp4
10/30/23,UTA,DEN,Defensive Foul,DEN,Challenge,,Won,2,5:34,https://videos.nba.com/nba/official-replay/media/trigger16_utaden_1_103023_approved_1280x720.mp4
10/30/23,GSW,NOP,Defensive Foul,GSW,Challenge,,Lost,4,7:48,https://videos.nba.com/nba/official-replay/media/trigger16_gswnop_1_103023_approved_1280x720.mp4
10/31/23,SAS,PHX,Away Team Possession,PHX,Challenge,,Lost,4,2:07,https://videos.nba.com/nba/official-replay/media/trigger17_sasphx_1_103123_approved_1280x720.mp4
11/1/23,MIL,TOR,Offensive Foul,MIL,Challenge,,Lost,1,00:33.0,https://videos.nba.com/nba/official-replay/media/trigger16_miltor_1_110123_approved_1280x720.mp4
11/1/23,IND,BOS,Away Team Possession,BOS,Challenge,,Lost,2,9:04,https://videos.nba.com/nba/official-replay/media/trigger17_indbos_1_110123_approved_1280x720.mp4
11/1/23,BKN,MIA,Defensive Foul,MIA,Challenge,,Won,2,8:54,https://videos.nba.com/nba/official-replay/media/trigger16_bknmia_1_110123_approved_1280x720.mp4
11/1/23,MIL,TOR,Defensive Foul,TOR,Challenge,,Lost,3,5:11,https://videos.nba.com/nba/official-replay/media/trigger16_miltor_2_110123_approved_1280x720.mp4
11/1/23,WAS,ATL,Defensive Foul,WAS,Challenge,,Lost,4,2:01,https://videos.nba.com/nba/official-replay/media/trigger16_wasatl_1_110123_approved_1280x720.mp4
11/1/23,DEN,MIN,Defensive Foul,DEN,Challenge,,Lost,4,2:47,https://videos.nba.com/nba/official-replay/media/trigger16_denmin_1_110123_approved_1280x720.mp4
11/1/23,SAC,GSW,Offensive Foul,GSW,Challenge,,Won,2,8:33,https://videos.nba.com/nba/official-replay/media/trigger16_sacgsw_1_110123_approved_1280x720.mp4
11/1/23,LAC,LAL,Defensive Foul,LAL,Challenge,,Lost,4,00:17.0,https://videos.nba.com/nba/official-replay/media/trigger16_laclal_1_110123_approved_1280x720.mp4
11/1/23,LAC,LAL,Defensive Foul,LAC,Challenge,,Lost,5,4:30,https://videos.nba.com/nba/official-replay/media/trigger16_laclal_2_110123_approved_1280x720.mp4
11/2/23,TOR,PHI,Away Team Possession,PHI,Challenge,,Lost,4,7:57,https://videos.nba.com/nba/official-replay/media/trigger17_torphi_1_110223_approved_1280x720.mp4
11/2/23,ORL,UTA,Defensive Foul,UTA,Challenge,,Won,1,4:41,https://videos.nba.com/nba/official-replay/media/trigger16_orluta_1_110223_approved_1280x720.mp4
11/2/23,SAS,PHX,Home Team Possession,SAS,Challenge,,Won,1,4:23,https://videos.nba.com/nba/official-replay/media/trigger17_sasphx_1_110223_approved_1280x720.mp4
11/2/23,ORL,UTA,Away Team Possession,UTA,Challenge,,Won,4,11:33,https://videos.nba.com/nba/official-replay/media/trigger17_orluta_1_110223_approved_1280x720.mp4
11/2/23,ORL,UTA,Defensive Foul,ORL,Challenge,,Won,4,2:26,https://videos.nba.com/nba/official-replay/media/trigger16_orluta_2_110223_approved_1280x720.mp4
11/2/23,SAS,PHX,Defensive Foul,PHX,Challenge,,Won,3,00:58.3,https://videos.nba.com/nba/official-replay/media/trigger16_sasphx_1_110223_approved_1280x720.mp4
11/3/23,NYK,MIL,Away Team Possession,MIL,Challenge,,Won,2,7:40,https://videos.nba.com/nba/official-replay/media/trigger17_nykmil_1_110323_approved_1280x720.mp4
11/3/23,NYK,MIL,Defensive Foul,NYK,Challenge,,Lost,2,00:35.5,https://videos.nba.com/nba/official-replay/media/trigger16_nykmil_1_110323_approved_1280x720.mp4
11/3/23,BKN,CHI,Home Team Possession,BKN,Challenge,,Lost,4,7:00,https://videos.nba.com/nba/official-replay/media/trigger17_bknchi_1_110323_approved_1280x720.mp4
11/3/23,NYK,MIL,Away Team Possession,MIL,Challenge,,Lost,4,1:59,https://videos.nba.com/nba/official-replay/media/trigger17_nykmil_2_110323_approved_1280x720.mp4
11/3/23,WAS,MIA,Home Team Possession,WAS,Challenge,,Won,4,4:06,https://videos.nba.com/nba/official-replay/media/trigger17_wasmia_1_110323_approved_1280x720.mp4
11/3/23,GSW,OKC,Defensive Foul,OKC,Challenge,,Won,4,2:10,https://videos.nba.com/nba/official-replay/media/trigger16_gswokc_1_110323_approved_1280x720.mp4
11/3/23,GSW,OKC,Defensive Foul,GSW,Challenge,,Lost,4,00:32.5,https://videos.nba.com/nba/official-replay/media/trigger16_gswokc_2_110323_approved_1280x720.mp4
11/3/23,MEM,POR,Defensive Foul,POR,Challenge,,Lost,1,00:15.9,https://videos.nba.com/nba/official-replay/media/trigger16_mempor_1_110323_approved_1280x720.mp4
11/3/23,DAL,DEN,Home Team Possession,DAL,Challenge,,Won,2,8:11,https://videos.nba.com/nba/official-replay/media/trigger17_dalden_1_110323_approved_1280x720.mp4
11/3/23,DAL,DEN,Defensive Foul,DEN,Challenge,,Lost,2,2:07,https://videos.nba.com/nba/official-replay/media/trigger16_dalden_1_110323_approved_1280x720.mp4
11/4/23,PHX,PHI,Away Team Possession,PHI,Challenge,,Won,4,10:44,https://videos.nba.com/nba/official-replay/media/trigger17_phxphi_1_110423_approved_1280x720.mp4
11/4/23,LAL,ORL,Defensive Foul,LAL,Challenge,,Won,2,9:24,https://videos.nba.com/nba/official-replay/media/trigger16_lalorl_1_110423_approved_1280x720.mp4
11/4/23,UTA,MIN,Away Team Possession,MIN,Challenge,,Won,1,3:58,https://videos.nba.com/nba/official-replay/media/trigger17_utamin_1_110423_approved_1280x720.mp4
11/4/23,CHA,IND,Offensive Foul,IND,Challenge,,Won,3,3:59,https://videos.nba.com/nba/official-replay/media/trigger16_chaind_1_110423_approved_1280x720.mp4
11/4/23,LAL,ORL,Offensive Foul,ORL,Challenge,,Lost,3,2:06,https://videos.nba.com/nba/official-replay/media/trigger16_lalorl_2_110423_approved_1280x720.mp4
11/4/23,ATL,NOP,Defensive Foul,NOP,Challenge,,Lost,4,7:01,https://videos.nba.com/nba/official-replay/media/trigger16_atlnop_1_110423_approved_1280x720.mp4
11/4/23,BOS,BKN,Home Team Possession,BOS,Challenge,,Won,2,4:15,https://videos.nba.com/nba/official-replay/media/trigger17_bosbkn_1_110423_approved_1280x720.mp4
11/4/23,BOS,BKN,Away Team Possession,BKN,Challenge,,Won,3,9:34,https://videos.nba.com/nba/official-replay/media/trigger17_bosbkn_2_110423_approved_1280x720.mp4
11/4/23,CHA,IND,Away Team Possession,IND,Challenge,,Won,4,00:37.8,https://videos.nba.com/nba/official-replay/media/trigger17_chaind_1_110423_approved_1280x720.mp4
11/4/23,CHA,IND,Defensive Foul,CHA,Challenge,,Lost,4,00:29.3,https://videos.nba.com/nba/official-replay/media/trigger16_chaind_2_110423_approved_1280x720.mp4
11/4/23,SAC,HOU,Defensive Foul,SAC,Challenge,,Lost,4,8:05,https://videos.nba.com/nba/official-replay/media/trigger16_sachou_1_110423_approved_1280x720.mp4
11/4/23,CHI,DEN,Defensive Foul,DEN,Challenge,,Won,4,3:35,https://videos.nba.com/nba/official-replay/media/trigger16_chiden_1_110423_approved_1280x720.mp4
11/5/23,PHX,DET,Home Team Possession,PHX,Challenge,,Won,3,10:29,https://videos.nba.com/nba/official-replay/media/trigger17_phxdet_1_110523_approved_1280x720.mp4
11/5/23,TOR,SAS,Defensive Foul,TOR,Challenge,,Won,2,2:42,https://videos.nba.com/nba/official-replay/media/trigger16_torsas_1_110523_approved_1280x720.mp4
11/5/23,TOR,SAS,Away Team Possession,SAS,Challenge,,Won,2,00:36.3,https://videos.nba.com/nba/official-replay/media/trigger17_torsas_1_110523_approved_1280x720.mp4
11/5/23,TOR,SAS,Loose Ball Foul,TOR,Challenge,,Lost,4,00:14.5,https://videos.nba.com/nba/official-replay/media/trigger16_torsas_2_110523_approved_1280x720.mp4
11/5/23,GSW,CLE,Defensive Foul,CLE,Challenge,,Won,3,1:16,https://videos.nba.com/nba/official-replay/media/trigger16_gswcle_1_110523_approved_1280x720.mp4
11/5/23,CHA,DAL,Goaltending,CHA,Challenge,,Lost,3,4:15,https://videos.nba.com/nba/official-replay/media/trigger18_chadal_1_110523_approved_1280x720.mp4
11/6/23,SAS,IND,Away Team Possession,IND,Challenge,,Lost,1,1:07,https://videos.nba.com/nba/official-replay/media/trigger17_sasind_1_110623_approved_1280x720.mp4
11/6/23,WAS,PHI,Defensive Foul,WAS,Challenge,,Lost,1,2:54,https://videos.nba.com/nba/official-replay/media/trigger16_wasphi_1_110623_approved_1280x720.mp4
11/6/23,MIL,BKN,Away Team Possession,BKN,Challenge,,Won,2,3:58,https://videos.nba.com/nba/official-replay/media/trigger17_milbkn_1_110623_approved_1280x720.mp4
11/6/23,DAL,ORL,Defensive Foul,DAL,Challenge,,Lost,3,10:07,https://videos.nba.com/nba/official-replay/media/trigger16_dalorl_1_110623_approved_1280x720.mp4
11/6/23,GSW,DET,Offensive Foul,DET,Challenge,,Won,3,3:20,https://videos.nba.com/nba/official-replay/media/trigger16_gswdet_1_110623_approved_1280x720.mp4
11/6/23,GSW,DET,Defensive Foul,DET,Challenge,,Lost,3,1:48,https://videos.nba.com/nba/official-replay/media/trigger16_gswdet_2_110623_approved_1280x720.mp4
11/6/23,DAL,ORL,Defensive Foul,ORL,Challenge,,Lost,4,8:22,https://videos.nba.com/nba/official-replay/media/trigger16_dalorl_2_110623_approved_1280x720.mp4
11/6/23,LAC,NYK,Defensive Foul,NYK,Challenge,,Won,3,1:49,https://videos.nba.com/nba/official-replay/media/trigger16_lacnyk_1_110623_approved_1280x720.mp4
11/6/23,MIL,BKN,Goaltending,MIL,Challenge,,Won,3,00:00.2,https://videos.nba.com/nba/official-replay/media/trigger18_milbkn_1_110623_approved_1280x720.mp4
11/6/23,LAC,NYK,Defensive Foul,NYK,Challenge,,Lost,4,10:17,https://videos.nba.com/nba/official-replay/media/trigger16_lacnyk_2_110623_approved_1280x720.mp4
11/6/23,LAL,MIA,Defensive Foul,MIA,Challenge,,Won,4,7:12,https://videos.nba.com/nba/official-replay/media/trigger16_lalmia_1_110623_approved_1280x720.mp4
11/6/23,BOS,MIN,Defensive Foul,BOS,Challenge,,Won,3,3:51,https://videos.nba.com/nba/official-replay/media/trigger16_bosmin_1_110623_approved_1280x720.mp4
11/6/23,ATL,OKC,Defensive Foul,OKC,Challenge,,Lost,4,10:58,https://videos.nba.com/nba/official-replay/media/trigger16_atlokc_1_110623_approved_1280x720.mp4
11/6/23,SAC,HOU,Defensive Foul,SAC,Challenge,,Lost,3,00:01.6,https://videos.nba.com/nba/official-replay/media/trigger16_sachou_1_110623_approved_1280x720.mp4
11/6/23,UTA,CHI,Defensive Foul,UTA,Challenge,,Lost,4,7:58,https://videos.nba.com/nba/official-replay/media/trigger16_utachi_1_110623_approved_1280x720.mp4
11/6/23,ATL,OKC,Home Team Possession,ATL,Challenge,,Lost,4,8:30,https://videos.nba.com/nba/official-replay/media/trigger17_atlokc_1_110623_approved_1280x720.mp4
11/6/23,SAC,HOU,Defensive Foul,HOU,Challenge,,Won,4,5:17,https://videos.nba.com/nba/official-replay/media/trigger16_sachou_2_110623_approved_1280x720.mp4
11/6/23,BOS,MIN,Defensive Foul,MIN,Challenge,,Lost,4,3:17,https://videos.nba.com/nba/official-replay/media/trigger16_bosmin_2_110623_approved_1280x720.mp4
11/8/23,LAC,BKN,Defensive Foul,LAC,Challenge,,Won,1,4:25,https://videos.nba.com/nba/official-replay/media/trigger16_lacbkn_1_110823_approved_1280x720.mp4
11/8/23,CLE,OKC,Away Team Possession,OKC,Challenge,,Won,1,7:08,https://videos.nba.com/nba/official-replay/media/trigger17_cleokc_1_110823_approved_1280x720.mp4
11/8/23,LAL,HOU,Defensive Foul,HOU,Challenge,,Won,2,11:00,https://videos.nba.com/nba/official-replay/media/trigger16_lalhou_1_110823_approved_1280x720.mp4
11/8/23,UTA,IND,Defensive Foul,UTA,Challenge,,Won,4,5:34,https://videos.nba.com/nba/official-replay/media/trigger16_utaind_1_110823_approved_1280x720.mp4
11/8/23,MIA,MEM,Defensive Foul,MIA,Challenge,,Won,2,00:57.6,https://videos.nba.com/nba/official-replay/media/trigger16_miamem_1_110823_approved_1280x720.mp4
11/8/23,LAC,BKN,Offensive Foul,BKN,Challenge,,Lost,4,6:15,https://videos.nba.com/nba/official-replay/media/trigger16_lacbkn_2_110823_approved_1280x720.mp4
11/8/23,PHX,CHI,Home Team Possession,PHX,Challenge,,Won,3,7:20,https://videos.nba.com/nba/official-replay/media/trigger17_phxchi_2_110823_approved_1280x720.mp4
11/8/23,PHX,CHI,Defensive Foul,CHI,Challenge,,Lost,4,3:13,https://videos.nba.com/nba/official-replay/media/trigger16_phxchi_1_110823_approved_1280x720.mp4
11/8/23,TOR,DAL,Defensive Foul,TOR,Challenge,,Won,4,4:01,https://videos.nba.com/nba/official-replay/media/trigger16_tordal_1_110823_approved_1280x720.mp4
11/8/23,TOR,DAL,Home Team Possession,TOR,Challenge,,Won,4,3:47,https://videos.nba.com/nba/official-replay/media/trigger17_tordal_1_110823_approved_1280x720.mp4
11/8/23,POR,SAC,Defensive Foul,SAC,Challenge,,Lost,4,5:01,https://videos.nba.com/nba/official-replay/media/trigger16_porsac_1_110823_approved_1280x720.mp4
11/10/23,PHI,DET,Defensive Foul,DET,Challenge,,Lost,2,4:56,https://videos.nba.com/nba/official-replay/media/trigger16_phidet_1_111023_approved_1280x720.mp4
11/10/23,MIN,SAS,Goaltending,SAS,Challenge,,Won,1,2:32,https://videos.nba.com/nba/official-replay/media/trigger18_minsas_1_111023_approved_1280x720.mp4
11/10/23,PHI,DET,Offensive Foul,PHI,Challenge,,Lost,3,7:27,https://videos.nba.com/nba/official-replay/media/trigger16_phidet_2_111023_approved_1280x720.mp4
11/10/23,UTA,MEM,Defensive Foul,UTA,Challenge,,Won,2,3:11,https://videos.nba.com/nba/official-replay/media/trigger16_utamem_1_111023_approved_1280x720.mp4
11/10/23,BKN,BOS,Away Team Possession,BOS,Challenge,,Lost,3,2:47,https://videos.nba.com/nba/official-replay/media/trigger17_bknbos_1_111023_approved_1280x720.mp4
11/10/23,UTA,MEM,Defensive Foul,MEM,Challenge,,Lost,3,8:39,https://videos.nba.com/nba/official-replay/media/trigger16_utamem_2_111023_approved_1280x720.mp4
11/10/23,MIN,SAS,Defensive Foul,SAS,Challenge,,Lost,3,7:08,https://videos.nba.com/nba/official-replay/media/trigger16_minsas_1_111023_approved_1280x720.mp4
11/10/23,NOP,HOU,Defensive Foul,NOP,Challenge,,Lost,4,8:04,https://videos.nba.com/nba/official-replay/media/trigger16_nophou_1_111023_approved_1280x720.mp4
11/10/23,UTA,MEM,Offensive Foul,UTA,Challenge,,Lost,4,7:31,https://videos.nba.com/nba/official-replay/media/trigger16_utamem_3_111023_approved_1280x720.mp4
11/10/23,NOP,HOU,Defensive Foul,HOU,Challenge,,Lost,4,4:16,https://videos.nba.com/nba/official-replay/media/trigger16_nophou_2_111023_approved_1280x720.mp4
11/10/23,MIN,SAS,Home Team Possession,MIN,Challenge,,Won,4,1:26,https://videos.nba.com/nba/official-replay/media/trigger17_minsas_1_111023_approved_1280x720.mp4
11/10/23,LAC,DAL,Offensive Foul,LAC,Challenge,,Won,4,10:06,https://videos.nba.com/nba/official-replay/media/trigger16_lacdal_1_111023_approved_1280x720.mp4
11/10/23,LAL,PHX,Defensive Foul,LAL,Challenge,,Lost,2,5:02,https://videos.nba.com/nba/official-replay/media/trigger16_lalphx_1_111023_approved_1280x720.mp4
11/10/23,OKC,SAC,Defensive Foul,SAC,Challenge,,Lost,3,3:20,https://videos.nba.com/nba/official-replay/media/trigger16_okcsac_1_111023_approved_1280x720.mp4
11/10/23,OKC,SAC,Loose Ball Foul,OKC,Challenge,,Won,3,1:11,https://videos.nba.com/nba/official-replay/media/trigger16_okcsac_2_111023_approved_1280x720.mp4
11/10/23,LAL,PHX,Defensive Foul,PHX,Challenge,,Won,4,00:15.6,https://videos.nba.com/nba/official-replay/media/trigger16_lalphx_2_111023_approved_1280x720.mp4
11/11/23,MIL,ORL,Defensive Foul,MIL,Challenge,,Lost,2,8:30,https://videos.nba.com/nba/official-replay/media/trigger16_milorl_1_111123_approved_1280x720.mp4
11/11/23,MIA,ATL,Offensive Foul,ATL,Challenge,,Lost,1,1:48,https://videos.nba.com/nba/official-replay/media/trigger16_miaatl_1_111123_approved_1280x720.mp4
11/11/23,TOR,BOS,Away Team Possession,BOS,Challenge,,Won,4,3:39,https://videos.nba.com/nba/official-replay/media/trigger17_torbos_1_111123_approved_1280x720.mp4
11/11/23,CLE,GSW,Offensive Foul,GSW,Challenge,,Won,4,8:19,https://videos.nba.com/nba/official-replay/media/trigger16_clegsw_1_111123_approved_1280x720.mp4
11/11/23,CLE,GSW,Defensive Foul,GSW,Challenge,,Lost,4,1:28,https://videos.nba.com/nba/official-replay/media/trigger16_clegsw_2_111123_approved_1280x720.mp4
11/12/23,MEM,LAC,Offensive Foul,MEM,Challenge,,Won,2,00:37.8,https://videos.nba.com/nba/official-replay/media/trigger16_memlac_1_111223_approved_1280x720.mp4
11/12/23,MEM,LAC,Defensive Foul,LAC,Challenge,,Won,3,1:20,https://videos.nba.com/nba/official-replay/media/trigger16_memlac_2_111223_approved_1280x720.mp4
11/12/23,MEM,LAC,Away Team Possession,LAC,Challenge,,Won,4,00:36.7,https://videos.nba.com/nba/official-replay/media/trigger17_memlac_1_111223_approved_1280x720.mp4
11/12/23,DAL,NOP,Defensive Foul,DAL,Challenge,,Won,3,2:01,https://videos.nba.com/nba/official-replay/media/trigger16_dalnop_1_111223_approved_1280x720.mp4
11/12/23,OKC,PHX,Loose Ball Foul,PHX,Challenge,,Lost,4,3:59,https://videos.nba.com/nba/official-replay/media/trigger16_okcphx_1_111223_approved_1280x720.mp4
11/12/23,POR,LAL,Defensive Foul,POR,Challenge,,Lost,4,3:43,https://videos.nba.com/nba/official-replay/media/trigger16_porlal_1_111223_approved_1280x720.mp4
11/13/23,NYK,BOS,Away Team Possession,BOS,Challenge,,Won,3,7:39,https://videos.nba.com/nba/official-replay/media/trigger17_nykbos_1_111323_approved_1280x720.mp4
11/13/23,CLE,SAC,Offensive Foul,SAC,Challenge,,Won,3,4:08,https://videos.nba.com/nba/official-replay/media/trigger16_clesac_1_111323_approved_1280x720.mp4
11/13/23,CLE,SAC,Offensive Foul,CLE,Challenge,,Won,4,6:13,https://videos.nba.com/nba/official-replay/media/trigger16_clesac_2_111323_approved_1280x720.mp4
11/14/23,SAS,OKC,Home Team Possession,SAS,Challenge,,Won,2,11:01,https://videos.nba.com/nba/official-replay/media/trigger17_sasokc_1_111423_approved_1280x720.mp4
11/14/23,DAL,NOP,Home Team Possession,DAL,Challenge,,Won,1,8:03,https://videos.nba.com/nba/official-replay/media/trigger17_dalnop_1_111423_approved_1280x720.mp4
11/14/23,MIA,CHA,Defensive Foul,MIA,Challenge,,Lost,3,3:59,https://videos.nba.com/nba/official-replay/media/trigger16_miacha_1_111423_approved_1280x720.mp4
11/14/23,SAS,OKC,Away Team Possession,OKC,Challenge,,Won,3,7:13,https://videos.nba.com/nba/official-replay/media/trigger17_sasokc_2_111423_approved_1280x720.mp4
11/14/23,POR,UTA,Away Team Possession,UTA,Challenge,,Won,3,5:42,https://videos.nba.com/nba/official-replay/media/trigger17_poruta_1_111423_approved_1280x720.mp4
11/14/23,MIN,GSW,Offensive Foul,MIN,Challenge,,Won,4,6:03,https://videos.nba.com/nba/official-replay/media/trigger16_mingsw_1_111423_approved_1280x720.mp4
11/14/23,LAC,DEN,Defensive Foul,DEN,Challenge,,Lost,4,00:23.6,https://videos.nba.com/nba/official-replay/media/trigger16_lacden_1_111423_approved_1280x720.mp4
11/15/23,DAL,WAS,Defensive Foul,WAS,Challenge,,Lost,4,9:28,https://videos.nba.com/nba/official-replay/media/trigger16_dalwas_1_111523_approved_1280x720.mp4
11/15/23,NYK,ATL,Defensive Foul,NYK,Challenge,,Lost,4,1:13,https://videos.nba.com/nba/official-replay/media/trigger16_nykatl_1_111523_approved_1280x720.mp4
11/15/23,BOS,PHI,Defensive Foul,BOS,Challenge,,Won,4,1:08,https://videos.nba.com/nba/official-replay/media/trigger16_bosphi_1_111523_approved_1280x720.mp4
11/15/23,ORL,CHI,Defensive Foul,ORL,Challenge,,Lost,4,00:56.8,https://videos.nba.com/nba/official-replay/media/trigger16_orlchi_1_111523_approved_1280x720.mp4
11/15/23,CLE,POR,Defensive Foul,CLE,Challenge,,Won,3,4:04,https://videos.nba.com/nba/official-replay/media/trigger16_clepor_1_111523_approved_1280x720.mp4
11/15/23,SAC,LAL,Goaltending,LAL,Challenge,,Lost,3,1:54,https://videos.nba.com/nba/official-replay/media/trigger18_saclal_1_111523_approved_1280x720.mp4
11/17/23,BOS,TOR,Defensive Foul,TOR,Challenge,,Lost,1,3:54,https://videos.nba.com/nba/official-replay/media/trigger16_bostor_1_111723_approved_1280x720.mp4
11/17/23,PHI,ATL,Goaltending,ATL,Challenge,,Lost,1,1:16,https://videos.nba.com/nba/official-replay/media/trigger13_phiatl_1_111723_approved_1280x720.mp4
11/17/23,BOS,TOR,Home Team Possession,BOS,Challenge,,Won,2,6:19,https://videos.nba.com/nba/official-replay/media/trigger17_bostor_1_111723_approved_1280x720.mp4
11/17/23,NYK,WAS,Defensive Foul,WAS,Challenge,,Won,3,4:25,https://videos.nba.com/nba/official-replay/media/trigger16_nykwas_1_111723_approved_1280x720.mp4
11/17/23,DET,CLE,Defensive Foul,CLE,Challenge,,Won,3,1:38,https://videos.nba.com/nba/official-replay/media/trigger16_detcle_1_111723_approved_1280x720.mp4
11/17/23,NYK,WAS,Offensive Foul,WAS,Challenge,,Lost,4,2:19,https://videos.nba.com/nba/official-replay/media/trigger16_nykwas_2_111723_approved_1280x720.mp4
11/17/23,SAC,SAS,Defensive Foul,SAS,Challenge,,Lost,4,8:23,https://videos.nba.com/nba/official-replay/media/trigger16_sacsas_2_111723_approved_1280x720.mp4
11/17/23,DEN,NOP,Defensive Foul,DEN,Challenge,,Lost,4,3:39,https://videos.nba.com/nba/official-replay/media/trigger16_dennop_1_111723_approved_1280x720.mp4
11/17/23,HOU,LAC,Defensive Foul,LAC,Challenge,,Won,4,4:16,https://videos.nba.com/nba/official-replay/media/trigger16_houlac_1_111723_approved_1280x720.mp4
11/17/23,HOU,LAC,Away Team Possession,LAC,Challenge,,Won,2,9:15,https://videos.nba.com/nba/official-replay/media/trigger17_houlac_2_111723_approved_1280x720.mp4
11/17/23,LAL,POR,Defensive Foul,LAL,Challenge,,Lost,3,2:43,https://videos.nba.com/nba/official-replay/media/trigger16_lalpor_1_111723_approved_1280x720.mp4
11/17/23,PHX,UTA,Defensive Foul,UTA,Challenge,,Lost,2,0:00,https://videos.nba.com/nba/official-replay/media/trigger16_phxuta_1_111723_approved_1280x720.mp4
11/18/23,NYK,CHA,Offensive Foul,CHA,Challenge,,Lost,4,3:43,https://videos.nba.com/nba/official-replay/media/trigger16_nykcha_1_111823_approved_1280x720.mp4
11/18/23,MIA,CHI,Offensive Foul,CHI,Challenge,,Lost,1,5:48,https://videos.nba.com/nba/official-replay/media/trigger16_miachi_1_111823_approved_1280x720.mp4
11/18/23,OKC,GSW,Defensive Foul,GSW,Challenge,,Lost,4,1:26,https://videos.nba.com/nba/official-replay/media/trigger16_okcgsw_2_111823_approved_1280x720.mp4
11/19/23,ORL,IND,Defensive Foul,IND,Challenge,,Lost,3,10:35,https://videos.nba.com/nba/official-replay/media/trigger16_orlind_1_111923_approved_1280x720.mp4
11/19/23,SAC,DAL,Defensive Foul,SAC,Challenge,,Won,2,11:45,https://videos.nba.com/nba/official-replay/media/trigger16_sacdal_1_111923_approved_1280x720.mp4
11/19/23,BOS,MEM,Home Team Possession,BOS,Challenge,,Lost,1,8:08,https://videos.nba.com/nba/official-replay/media/trigger17_bosmem_1_111923_approved_1280x720.mp4
11/19/23,BOS,MEM,Defensive Foul,MEM,Challenge,,Won,2,2:50,https://videos.nba.com/nba/official-replay/media/trigger16_bosmem_1_111923_approved_1280x720.mp4
11/19/23,OKC,POR,Home Team Possession,OKC,Challenge,,Won,1,4:21,https://videos.nba.com/nba/official-replay/media/trigger17_okcpor_1_111923_approved_1280x720.mp4
11/19/23,PHX,UTA,Home Team Possession,PHX,Challenge,,Won,3,3:58,https://videos.nba.com/nba/official-replay/media/trigger17_phxuta_1_111923_approved_1280x720.mp4
11/19/23,PHX,UTA,Away Team Possession,UTA,Challenge,,Won,4,00:45.3,https://videos.nba.com/nba/official-replay/media/trigger17_phxuta_2_111923_approved_1280x720.mp4
11/19/23,HOU,LAL,Offensive Foul,LAL,Challenge,,Lost,2,3:17,https://videos.nba.com/nba/official-replay/media/trigger16_houlal_1_111923_approved_1280x720.mp4
11/19/23,PHX,UTA,Defensive Foul,PHX,Challenge,,Won,6,00:00.0,https://videos.nba.com/nba/official-replay/media/trigger16_phxuta_1_111923_approved_1280x720.mp4
11/20/23,NYK,MIN,Offensive Foul,MIN,Challenge,,Lost,1,3:07,https://videos.nba.com/nba/official-replay/media/trigger16_nykmin_1_112023_approved_1280x720.mp4
11/20/23,BOS,CHA,Defensive Foul,CHA,Challenge,,Won,4,5:27,https://videos.nba.com/nba/official-replay/media/trigger16_boscha_1_112023_approved_1280x720.mp4
11/20/23,DEN,DET,Away Team Possession,DET,Challenge,,Lost,4,5:42,https://videos.nba.com/nba/official-replay/media/trigger17_dendet_1_112023_approved_1280x720.mp4
11/20/23,NYK,MIN,Defensive Foul,NYK,Challenge,,Won,3,5:43,https://videos.nba.com/nba/official-replay/media/trigger16_nykmin_2_112023_approved_1280x720.mp4
11/21/23,IND,ATL,Defensive Foul,ATL,Challenge,,Won,4,11:05,https://videos.nba.com/nba/official-replay/media/trigger16_indatl_1_112123_approved_1280x720.mp4
11/21/23,CLE,PHI,Offensive Foul,PHI,Challenge,,Lost,4,5:30,https://videos.nba.com/nba/official-replay/media/trigger16_clephi_1_112123_approved_1280x720.mp4
11/21/23,IND,ATL,Offensive Foul,ATL,Challenge,,Lost,4,00:34.6,https://videos.nba.com/nba/official-replay/media/trigger16_indatl_2_112123_approved_1280x720.mp4
11/21/23,CLE,PHI,Defensive Foul,CLE,Challenge,,Lost,4,2:07,https://videos.nba.com/nba/official-replay/media/trigger16_clephi_2_112123_approved_1280x720.mp4
11/22/23,DEN,ORL,Defensive Foul,ORL,Challenge,,Won,2,00:59.5,https://videos.nba.com/nba/official-replay/media/trigger16_denorl_1_112223_approved_1280x720.mp4
11/22/23,WAS,CHA,Defensive Foul,CHA,Challenge,,Won,3,00:57.4,https://videos.nba.com/nba/official-replay/media/trigger16_wascha_1_112223_approved_1280x720.mp4
11/22/23,PHI,MIN,Defensive Foul,PHI,Challenge,,Won,2,7:55,https://videos.nba.com/nba/official-replay/media/trigger16_phimin_1_112223_approved_1280x720.mp4
11/22/23,SAC,NOP,Defensive Foul,SAC,Challenge,,Lost,2,1:26,https://videos.nba.com/nba/official-replay/media/trigger16_sacnop_1_112223_approved_1280x720.mp4
11/22/23,MIA,CLE,Defensive Foul,MIA,Challenge,,Won,3,3:23,https://videos.nba.com/nba/official-replay/media/trigger16_miacle_1_112223_approved_1280x720.mp4
11/22/23,MIA,CLE,Defensive Foul,CLE,Challenge,,Won,3,00:00.2,https://videos.nba.com/nba/official-replay/media/trigger16_miacle_2_112223_approved_1280x720.mp4
11/22/23,SAC,NOP,Defensive Foul,NOP,Challenge,,Lost,3,5:27,https://videos.nba.com/nba/official-replay/media/trigger16_sacnop_2_112223_approved_1280x720.mp4
11/22/23,LAC,SAS,Away Team Possession,SAS,Challenge,,Lost,2,3:07,https://videos.nba.com/nba/official-replay/media/trigger17_lacsas_1_112223_approved_1280x720.mp4
11/22/23,MIL,BOS,Defensive Foul,MIL,Challenge,,Won,3,4:54,https://videos.nba.com/nba/official-replay/media/trigger16_milbos_1_112223_approved_1280x720.mp4
11/22/23,TOR,IND,Defensive Foul,TOR,Challenge,,Lost,4,00:12.4,https://videos.nba.com/nba/official-replay/media/trigger16_torind_1_112223_approved_1280x720.mp4
11/22/23,CHI,OKC,Defensive Foul,OKC,Challenge,,Won,4,5:14,https://videos.nba.com/nba/official-replay/media/trigger16_chiokc_1_112223_approved_1280x720.mp4
11/22/23,MEM,HOU,Defensive Foul,HOU,Challenge,,Lost,4,8:49,https://videos.nba.com/nba/official-replay/media/trigger16_memhou_1_112223_approved_1280x720.mp4
11/22/23,GSW,PHX,Offensive Foul,GSW,Challenge,,Lost,2,3:11,https://videos.nba.com/nba/official-replay/media/trigger16_gswphx_1_112223_approved_1280x720.mp4
11/22/23,UTA,POR,Defensive Foul,POR,Challenge,,Won,3,00:52.0,https://videos.nba.com/nba/official-replay/media/trigger16_utapor_1_112223_approved_1280x720.mp4
11/22/23,DAL,LAL,Defensive Foul,LAL,Challenge,,Won,4,2:04,https://videos.nba.com/nba/official-replay/media/trigger16_dallal_1_112223_approved_1280x720.mp4
11/22/23,GSW,PHX,Defensive Foul,PHX,Challenge,,Lost,4,00:41.7,https://videos.nba.com/nba/official-replay/media/trigger16_gswphx_2_112223_approved_1280x720.mp4
11/24/23,CHI,TOR,Defensive Foul,TOR,Challenge,,Lost,2,00:01.4,https://videos.nba.com/nba/official-replay/media/trigger16_chitor_1_112423_approved_1280x720.mp4
11/24/23,SAC,MIN,Away Team Possession,MIN,Challenge,,Lost,2,6:02,https://videos.nba.com/nba/official-replay/media/trigger17_sacmin_1_112423_approved_1280x720.mp4
11/24/23,MIA,NYK,Defensive Foul,NYK,Challenge,,Lost,3,3:40,https://videos.nba.com/nba/official-replay/media/trigger16_mianyk_1_112423_approved_1280x720.mp4
11/24/23,SAC,MIN,Defensive Foul,SAC,Challenge,,Won,3,6:20,https://videos.nba.com/nba/official-replay/media/trigger16_sacmin_1_112423_approved_1280x720.mp4
11/24/23,DEN,HOU,Defensive Foul,HOU,Challenge,,Won,4,6:43,https://videos.nba.com/nba/official-replay/media/trigger16_denhou_1_112423_approved_1280x720.mp4
11/24/23,WAS,MIL,Offensive Foul,WAS,Challenge,,Lost,4,4:16,https://videos.nba.com/nba/official-replay/media/trigger16_wasmil_1_112423_approved_1280x720.mp4
11/24/23,NOP,LAC,Defensive Foul,LAC,Challenge,,Won,2,00:37.6,https://videos.nba.com/nba/official-replay/media/trigger16_noplac_1_112423_approved_1280x720.mp4
11/24/23,SAS,GSW,Defensive Foul,GSW,Challenge,,Won,3,3:22,https://videos.nba.com/nba/official-replay/media/trigger16_sasgsw_1_112423_approved_1280x720.mp4
11/24/23,NOP,LAC,Defensive Foul,LAC,Challenge,,Lost,3,1:16,https://videos.nba.com/nba/official-replay/media/trigger16_noplac_2_112423_approved_1280x720.mp4
11/24/23,SAS,GSW,Offensive Foul,SAS,Challenge,,Won,4,4:30,https://videos.nba.com/nba/official-replay/media/trigger16_sasgsw_2_112423_approved_1280x720.mp4
11/25/23,PHI,OKC,Defensive Foul,OKC,Challenge,,Lost,2,10:03,https://videos.nba.com/nba/official-replay/media/trigger16_phiokc_1_112523_approved_1280x720.mp4
11/25/23,PHI,OKC,Offensive Foul,PHI,Challenge,,Won,2,00:07.3,https://videos.nba.com/nba/official-replay/media/trigger16_phiokc_2_112523_approved_1280x720.mp4
11/25/23,MIA,BKN,Offensive Foul,BKN,Challenge,,Won,2,9:06,https://videos.nba.com/nba/official-replay/media/trigger16_miabkn_1_112523_approved_1280x720.mp4
11/25/23,PHI,OKC,Defensive Foul,PHI,Challenge,,Won,4,1:12,https://videos.nba.com/nba/official-replay/media/trigger16_phiokc_3_112523_approved_1280x720.mp4
11/25/23,MIA,BKN,Defensive Foul,MIA,Challenge,,Lost,3,1:05,https://videos.nba.com/nba/official-replay/media/trigger16_miabkn_2_112523_approved_1280x720.mp4
11/25/23,ATL,WAS,Offensive Foul,ATL,Challenge,,Lost,4,10:50,https://videos.nba.com/nba/official-replay/media/trigger16_atlwas_1_112523_approved_1280x720.mp4
11/25/23,LAL,CLE,Defensive Foul,CLE,Challenge,,Won,4,2:37,https://videos.nba.com/nba/official-replay/media/trigger16_lalcle_1_112523_approved_1280x720.mp4
11/25/23,NOP,UTA,Offensive Foul,UTA,Challenge,,Lost,4,7:12,https://videos.nba.com/nba/official-replay/media/trigger16_noputa_1_112523_approved_1280x720.mp4
11/25/23,NOP,UTA,Home Team Possession,NOP,Challenge,,Won,4,3:34,https://videos.nba.com/nba/official-replay/media/trigger17_noputa_1_112523_approved_1280x720.mp4
11/26/23,POR,MIL,Away Team Possession,MIL,Challenge,,Won,3,5:16,https://videos.nba.com/nba/official-replay/media/trigger17_pormil_1_112623_approved_1280x720.mp4
11/26/23,POR,MIL,Defensive Foul,MIL,Challenge,,Won,4,00:14.6,https://videos.nba.com/nba/official-replay/media/trigger16_pormil_1_112623_approved_1280x720.mp4
11/26/23,PHX,NYK,Defensive Foul,PHX,Challenge,,Won,3,11:04,https://videos.nba.com/nba/official-replay/media/trigger16_phxnyk_1_112623_approved_1280x720.mp4
11/26/23,MIN,MEM,Offensive Foul,MEM,Challenge,,Lost,3,6:41,https://videos.nba.com/nba/official-replay/media/trigger16_minmem_1_112623_approved_1280x720.mp4
11/26/23,ATL,BOS,Home Team Possession,ATL,Challenge,,Won,4,3:35,https://videos.nba.com/nba/official-replay/media/trigger17_atlbos_1_112623_approved_1280x720.mp4
11/26/23,ATL,BOS,Away Team Possession,BOS,Challenge,,Won,4,00:47.4,https://videos.nba.com/nba/official-replay/media/trigger17_atlbos_2_112623_approved_1280x720.mp4
11/26/23,SAS,DEN,Defensive Foul,SAS,Challenge,,Won,2,10:42,https://videos.nba.com/nba/official-replay/media/trigger16_sasden_1_112623_approved_1280x720.mp4
11/26/23,CHI,BKN,Offensive Foul,BKN,Challenge,,Lost,3,8:59,https://videos.nba.com/nba/official-replay/media/trigger16_chibkn_1_112623_approved_1280x720.mp4
11/27/23,WAS,DET,Defensive Foul,WAS,Challenge,,Won,4,3:01,https://videos.nba.com/nba/official-replay/media/trigger16_wasdet_1_112723_approved_1280x720.mp4
11/27/23,POR,IND,Defensive Foul,IND,Challenge,,Won,4,2:09,https://videos.nba.com/nba/official-replay/media/trigger16_porind_1_112723_approved_1280x720.mp4
11/27/23,DEN,LAC,Offensive Foul,DEN,Challenge,,Lost,1,5:20,https://videos.nba.com/nba/official-replay/media/trigger16_denlac_1_112723_approved_1280x720.mp4
11/28/23,CHI,BOS,Defensive Foul,BOS,Challenge,,Won,2,5:33,https://videos.nba.com/nba/official-replay/media/trigger16_chibos_1_112823_approved_1280x720.mp4
11/28/23,TOR,BKN,Goaltending,BKN,Challenge,,Won,2,1:49,https://videos.nba.com/nba/official-replay/media/trigger18_torbkn_1_112823_approved_1280x720.mp4
11/28/23,MIL,MIA,Offensive Foul,MIL,Challenge,,Lost,2,1:53,https://videos.nba.com/nba/official-replay/media/trigger16_milmia_1_112823_approved_1280x720.mp4
11/28/23,OKC,MIN,Offensive Foul,MIN,Challenge,,Won,2,7:23,https://videos.nba.com/nba/official-replay/media/trigger16_okcmin_1_112823_approved_1280x720.mp4
11/28/23,CHI,BOS,Defensive Foul,CHI,Challenge,,Won,3,10:39,https://videos.nba.com/nba/official-replay/media/trigger16_chibos_2_112823_approved_1280x720.mp4
11/28/23,CHA,NYK,Goaltending,CHA,Challenge,,Won,3,5:46,https://videos.nba.com/nba/official-replay/media/trigger18_chanyk_1_112823_approved_1280x720.mp4
11/28/23,HOU,DAL,Defensive Foul,DAL,Challenge,,Won,2,10:40,https://videos.nba.com/nba/official-replay/media/trigger16_houdal_1_112823_approved_1280x720.mp4
11/28/23,MIL,MIA,Defensive Foul,MIA,Challenge,,Won,3,5:47,https://videos.nba.com/nba/official-replay/media/trigger16_milmia_2_112823_approved_1280x720.mp4
11/28/23,GSW,SAC,Defensive Foul,SAC,Challenge,,Lost,1,5:48,https://videos.nba.com/nba/official-replay/media/trigger16_gswsac_1_112823_approved_1280x720.mp4
11/28/23,HOU,DAL,Away Team Possession,DAL,Challenge,,Won,4,3:38,https://videos.nba.com/nba/official-replay/media/trigger17_houdal_1_112823_approved_1280x720.mp4
11/28/23,HOU,DAL,Defensive Foul,HOU,Challenge,,Lost,4,2:28,https://videos.nba.com/nba/official-replay/media/trigger16_houdal_2_112823_approved_1280x720.mp4
11/28/23,GSW,SAC,Offensive Foul,GSW,Challenge,,Lost,4,2:50,https://videos.nba.com/nba/official-replay/media/trigger16_gswsac_2_112823_approved_1280x720.mp4
11/29/23,PHX,TOR,Defensive Foul,TOR,Challenge,,Lost,2,00:02.4,https://videos.nba.com/nba/official-replay/media/trigger16_phxtor_1_112923_approved_1280x720.mp4
11/29/23,PHI,NOP,Defensive Foul,PHI,Challenge,,Won,2,5:19,https://videos.nba.com/nba/official-replay/media/trigger16_phinop_1_112923_approved_1280x720.mp4
11/29/23,UTA,MEM,Defensive Foul,MEM,Challenge,,Won,3,10:36,https://videos.nba.com/nba/official-replay/media/trigger16_utamem_1_112923_approved_1280x720.mp4
11/29/23,HOU,DEN,Defensive Foul,HOU,Challenge,,Lost,2,00:49.9,https://videos.nba.com/nba/official-replay/media/trigger16_houden_1_112923_approved_1280x720.mp4
11/29/23,PHI,NOP,Home Team Possession,PHI,Challenge,,Lost,4,11:40,https://videos.nba.com/nba/official-replay/media/trigger17_phinop_1_112923_approved_1280x720.mp4
11/29/23,UTA,MEM,Defensive Foul,UTA,Challenge,,Won,4,1:41,https://videos.nba.com/nba/official-replay/media/trigger16_utamem_2_112923_approved_1280x720.mp4
11/30/23,DET,NYK,Offensive Foul,DET,Challenge,,Lost,2,8:54,https://videos.nba.com/nba/official-replay/media/trigger16_detnyk_1_113023_approved_1280x720.mp4
11/30/23,LAL,OKC,Defensive Foul,OKC,Challenge,,Lost,1,4:46,https://videos.nba.com/nba/official-replay/media/trigger16_lalokc_1_113023_approved_1280x720.mp4
11/30/23,ATL,SAS,Offensive Foul,ATL,Challenge,,Lost,2,8:45,https://videos.nba.com/nba/official-replay/media/trigger16_atlsas_1_113023_approved_1280x720.mp4
11/30/23,UTA,MIN,Defensive Foul,MIN,Challenge,,Won,2,7:30,https://videos.nba.com/nba/official-replay/media/trigger16_utamin_1_113023_approved_1280x720.mp4
11/30/23,POR,CLE,Defensive Foul,CLE,Challenge,,Lost,4,1:04,https://videos.nba.com/nba/official-replay/media/trigger16_porcle_1_113023_approved_1280x720.mp4
11/30/23,MIL,CHI,Away Team Possession,CHI,Challenge,,Lost,3,7:38,https://videos.nba.com/nba/official-replay/media/trigger17_milchi_1_113023_approved_1280x720.mp4
11/30/23,CHA,BKN,Defensive Foul,CHA,Challenge,,Won,4,5:44,https://videos.nba.com/nba/official-replay/media/trigger16_chabkn_1_113023_approved_1280x720.mp4
11/30/23,IND,MIA,Defensive Foul,IND,Challenge,,Lost,4,7:52,https://videos.nba.com/nba/official-replay/media/trigger16_indmia_1_113023_approved_1280x720.mp4
11/30/23,DET,NYK,Defensive Foul,NYK,Challenge,,Lost,4,2:39,https://videos.nba.com/nba/official-replay/media/trigger16_detnyk_2_113023_approved_1280x720.mp4
11/30/23,LAC,GSW,Defensive Foul,GSW,Challenge,,Won,1,1:20,https://videos.nba.com/nba/official-replay/media/trigger16_lacgsw_1_113023_approved_1280x720.mp4
11/30/23,LAC,GSW,Defensive Foul,LAC,Challenge,,Lost,4,2:44,https://videos.nba.com/nba/official-replay/media/trigger16_lacgsw_2_113023_approved_1280x720.mp4
12/1/23,WAS,ORL,Away Team Possession,ORL,Challenge,,Won,1,1:32,https://videos.nba.com/nba/official-replay/media/trigger17_wasorl_1_120123_approved_1280x720.mp4
12/1/23,SAS,NOP,Home Team Possession,SAS,Challenge,,Won,1,2:24,https://videos.nba.com/nba/official-replay/media/trigger17_sasnop_1_120123_approved_1280x720.mp4
12/1/23,MEM,DAL,Defensive Foul,MEM,Challenge,,Won,3,3:39,https://videos.nba.com/nba/official-replay/media/trigger16_memdal_1_120123_approved_1280x720.mp4
12/1/23,PHI,BOS,Defensive Foul,PHI,Challenge,,Lost,3,5:03,https://videos.nba.com/nba/official-replay/media/trigger16_phibos_1_120123_approved_1280x720.mp4
12/1/23,SAS,NOP,Away Team Possession,NOP,Challenge,,Lost,4,2:48,https://videos.nba.com/nba/official-replay/media/trigger17_sasnop_2_120123_approved_1280x720.mp4
12/1/23,DEN,PHX,Away Team Possession,PHX,Challenge,,Won,4,4:04,https://videos.nba.com/nba/official-replay/media/trigger17_denphx_1_120123_approved_1280x720.mp4
12/2/23,GSW,LAC,Home Team Possession,GSW,Challenge,,Won,4,1:42,https://videos.nba.com/nba/official-replay/media/trigger17_gswlac_1_120223_approved_1280x720.mp4
12/2/23,MIN,CHA,Defensive Foul,MIN,Challenge,,Lost,4,1:40,https://videos.nba.com/nba/official-replay/media/trigger16_mincha_1_120223_approved_1280x720.mp4
12/2/23,CLE,DET,Defensive Foul,CLE,Challenge,,Lost,4,2:14,https://videos.nba.com/nba/official-replay/media/trigger16_cledet_1_120223_approved_1280x720.mp4
12/2/23,IND,MIA,Offensive Foul,IND,Challenge,,Won,3,3:55,https://videos.nba.com/nba/official-replay/media/trigger16_indmia_1_120223_approved_1280x720.mp4
12/2/23,POR,UTA,Offensive Foul,UTA,Challenge,,Won,1,5:52,https://videos.nba.com/nba/official-replay/media/trigger16_poruta_1_120223_approved_1280x720.mp4
12/2/23,DEN,SAC,Defensive Foul,DEN,Challenge,,Won,1,00:36.2,https://videos.nba.com/nba/official-replay/media/trigger16_densac_1_120223_approved_1280x720.mp4
12/2/23,HOU,LAL,Defensive Foul,LAL,Challenge,,Lost,3,4:59,https://videos.nba.com/nba/official-replay/media/trigger16_houlal_1_120223_approved_1280x720.mp4
12/2/23,HOU,LAL,Defensive Foul,HOU,Challenge,,Won,4,3:05,https://videos.nba.com/nba/official-replay/media/trigger16_houlal_2_120223_approved_1280x720.mp4
12/4/23,NOP,SAC,Offensive Foul,SAC,Challenge,,Lost,2,10:10,https://videos.nba.com/nba/official-replay/media/trigger16_nopsac_1_120423_approved_1280x720.mp4
12/6/23,ORL,CLE,Goaltending,CLE,Challenge,,Won,2,3:40,https://videos.nba.com/nba/official-replay/media/trigger18_orlcle_1_120623_approved_1280x720.mp4
12/6/23,MEM,DET,Away Team Possession,DET,Challenge,,Won,3,00:53.7,https://videos.nba.com/nba/official-replay/media/trigger17_memdet_1_120623_approved_1280x720.mp4
12/6/23,CHA,CHI,Defensive Foul,CHA,Challenge,,Won,2,10:38,https://videos.nba.com/nba/official-replay/media/trigger16_chachi_1_120623_approved_1280x720.mp4
12/6/23,BKN,ATL,Home Team Possession,BKN,Challenge,,Won,3,3:27,https://videos.nba.com/nba/official-replay/media/trigger17_bknatl_1_120623_approved_1280x720.mp4
12/6/23,ORL,CLE,Defensive Foul,CLE,Challenge,,Won,4,2:32,https://videos.nba.com/nba/official-replay/media/trigger16_orlcle_1_120623_approved_1280x720.mp4
12/6/23,MIA,TOR,Defensive Foul,TOR,Challenge,,Won,4,00:37.0,https://videos.nba.com/nba/official-replay/media/trigger16_miator_1_120623_approved_1280x720.mp4
12/6/23,CHA,CHI,Defensive Foul,CHI,Challenge,,Won,4,3:25,https://videos.nba.com/nba/official-replay/media/trigger16_chachi_2_120623_approved_1280x720.mp4
12/8/23,WAS,BKN,Defensive Foul,WAS,Challenge,,Won,2,6:29,https://videos.nba.com/nba/official-replay/media/trigger16_wasbkn_1_120823_approved_1280x720.mp4
12/8/23,CLE,MIA,Offensive Foul,MIA,Challenge,,Lost,1,1:28,https://videos.nba.com/nba/official-replay/media/trigger16_clemia_1_120823_approved_1280x720.mp4
12/8/23,GSW,OKC,Loose Ball Foul,OKC,Challenge,,Lost,2,11:35,https://videos.nba.com/nba/official-replay/media/trigger16_gswokc_1_120823_approved_1280x720.mp4
12/8/23,MIN,MEM,Defensive Foul,MEM,Challenge,,Won,2,8:55,https://videos.nba.com/nba/official-replay/media/trigger16_minmem_1_120823_approved_1280x720.mp4
12/8/23,ATL,PHI,Offensive Foul,PHI,Challenge,,Won,4,11:48,https://videos.nba.com/nba/official-replay/media/trigger16_atlphi_1_120823_approved_1280x720.mp4
12/8/23,TOR,CHA,Home Team Possession,TOR,Challenge,,Won,4,7:58,https://videos.nba.com/nba/official-replay/media/trigger17_torcha_1_120823_approved_1280x720.mp4
12/8/23,NYK,BOS,Home Team Possession,NYK,Challenge,,Won,3,4:54,https://videos.nba.com/nba/official-replay/media/trigger17_nykbos_1_120823_approved_1280x720.mp4
12/8/23,TOR,CHA,Offensive Foul,CHA,Challenge,,Won,4,1:21,https://videos.nba.com/nba/official-replay/media/trigger16_torcha_1_120823_approved_1280x720.mp4
12/8/23,TOR,CHA,Defensive Foul,CHA,Challenge,,Lost,4,00:08.0,https://videos.nba.com/nba/official-replay/media/trigger16_torcha_2_120823_approved_1280x720.mp4
12/8/23,MIN,MEM,Defensive Foul,MIN,Challenge,,Lost,4,10:59,https://videos.nba.com/nba/official-replay/media/trigger16_minmem_2_120823_approved_1280x720.mp4
12/8/23,HOU,DEN,Home Team Possession,HOU,Challenge,,Won,2,1:37,https://videos.nba.com/nba/official-replay/media/trigger17_houden_1_120823_approved_1280x720.mp4
12/8/23,CLE,MIA,Offensive Foul,CLE,Challenge,,Lost,4,6:08,https://videos.nba.com/nba/official-replay/media/trigger16_clemia_2_120823_approved_1280x720.mp4
12/8/23,GSW,OKC,Defensive Foul,GSW,Challenge,,Lost,4,00:07.7,https://videos.nba.com/nba/official-replay/media/trigger16_gswokc_2_120823_approved_1280x720.mp4
12/8/23,CHI,SAS,Defensive Foul,SAS,Challenge,,Won,4,6:14,https://videos.nba.com/nba/official-replay/media/trigger16_chisas_1_120823_approved_1280x720.mp4
12/8/23,LAC,UTA,Defensive Foul,UTA,Challenge,,Won,1,2:52,https://videos.nba.com/nba/official-replay/media/trigger16_lacuta_1_120823_approved_1280x720.mp4
12/9/23,IND,LAL,Offensive Foul,LAL,Challenge,,Lost,2,3:19,https://videos.nba.com/nba/official-replay/media/trigger16_indlal_1_120923_approved_1280x720.mp4
12/11/23,CLE,ORL,Defensive Foul,ORL,Challenge,,Lost,3,7:50,https://videos.nba.com/nba/official-replay/media/trigger16_cleorl_1_121123_approved_1280x720.mp4
12/11/23,IND,DET,Offensive Foul,DET,Challenge,,Lost,3,2:38,https://videos.nba.com/nba/official-replay/media/trigger16_inddet_1_121123_approved_1280x720.mp4
12/11/23,SAS,HOU,Defensive Foul,SAS,Challenge,,Lost,2,11:07,https://videos.nba.com/nba/official-replay/media/trigger16_sashou_1_121123_approved_1280x720.mp4
12/11/23,MIA,CHA,Away Team Possession,CHA,Challenge,,Lost,3,00:29.1,https://videos.nba.com/nba/official-replay/media/trigger17_miacha_1_121123_approved_1280x720.mp4
12/11/23,CLE,ORL,Defensive Foul,CLE,Challenge,,Lost,4,1:19,https://videos.nba.com/nba/official-replay/media/trigger16_cleorl_2_121123_approved_1280x720.mp4
12/11/23,DAL,MEM,Offensive Foul,MEM,Challenge,,Won,3,1:31,https://videos.nba.com/nba/official-replay/media/trigger16_dalmem_1_121123_approved_1280x720.mp4
12/11/23,TOR,NYK,Defensive Foul,NYK,Challenge,,Lost,4,00:16.7,https://videos.nba.com/nba/official-replay/media/trigger16_tornyk_1_121123_approved_1280x720.mp4
12/11/23,SAS,HOU,Defensive Foul,HOU,Challenge,,Lost,4,8:26,https://videos.nba.com/nba/official-replay/media/trigger16_sashou_2_121123_approved_1280x720.mp4
12/11/23,DEN,ATL,Home Team Possession,DEN,Challenge,,Won,4,00:28.5,https://videos.nba.com/nba/official-replay/media/trigger17_denatl_2_121123_approved_1280x720.mp4
12/11/23,MIN,NOP,Away Team Possession,NOP,Challenge,,Won,4,5:05,https://videos.nba.com/nba/official-replay/media/trigger17_minnop_1_121123_approved_1280x720.mp4
12/11/23,CHI,MIL,Defensive Foul,MIL,Challenge,,Lost,4,00:31.5,https://videos.nba.com/nba/official-replay/media/trigger16_chimil_1_121123_approved_1280x720.mp4
12/11/23,POR,LAC,Defensive Foul,POR,Challenge,,Lost,4,2:44,https://videos.nba.com/nba/official-replay/media/trigger16_porlac_1_121123_approved_1280x720.mp4
12/11/23,POR,LAC,Away Team Possession,LAC,Challenge,,Won,4,00:21.5,https://videos.nba.com/nba/official-replay/media/trigger17_porlac_1_121123_approved_1280x720.mp4
12/12/23,LAL,DAL,Defensive Foul,DAL,Challenge,,Won,1,7:22,https://videos.nba.com/nba/official-replay/media/trigger16_laldal_1_121223_approved_1280x720.mp4
12/12/23,SAC,LAC,Away Team Possession,LAC,Challenge,,Won,3,9:56,https://videos.nba.com/nba/official-replay/media/trigger17_saclac_1_121223_approved_1280x720.mp4
12/13/23,IND,MIL,Defensive Foul,IND,Challenge,,Won,1,4:01,https://videos.nba.com/nba/official-replay/media/trigger16_indmil_1_121323_approved_1280x720.mp4
12/13/23,NYK,UTA,Away Team Possession,UTA,Challenge,,Won,2,1:26,https://videos.nba.com/nba/official-replay/media/trigger17_nykuta_1_121323_approved_1280x720.mp4
12/13/23,BKN,PHX,Defensive Foul,PHX,Challenge,,Lost,3,6:49,https://videos.nba.com/nba/official-replay/media/trigger16_bknphx_1_121323_approved_1280x720.mp4
12/14/23,CLE,BOS,Defensive Foul,BOS,Challenge,,Won,1,3:09,https://videos.nba.com/nba/official-replay/media/trigger16_clebos_1_121423_approved_1280x720.mp4
12/14/23,MIN,DAL,Defensive Foul,MIN,Challenge,,Won,3,5:06,https://videos.nba.com/nba/official-replay/media/trigger16_mindal_1_121423_approved_1280x720.mp4
12/14/23,BKN,DEN,Home Team Possession,BKN,Challenge,,Won,3,7:28,https://videos.nba.com/nba/official-replay/media/trigger17_bknden_1_121423_approved_1280x720.mp4
12/14/23,BKN,DEN,Defensive Foul,BKN,Challenge,,Won,4,5:51,https://videos.nba.com/nba/official-replay/media/trigger16_bknden_1_121423_approved_1280x720.mp4
12/14/23,UTA,POR,Defensive Foul,UTA,Challenge,,Won,3,11:00,https://videos.nba.com/nba/official-replay/media/trigger16_utapor_1_121423_approved_1280x720.mp4
12/14/23,OKC,SAC,Away Team Possession,SAC,Challenge,,Lost,3,9:50,https://videos.nba.com/nba/official-replay/media/trigger17_okcsac_1_121423_approved_1280x720.mp4
12/14/23,UTA,POR,Offensive Foul,UTA,Challenge,,Won,3,6:50,https://videos.nba.com/nba/official-replay/media/trigger16_utapor_2_121423_approved_1280x720.mp4
12/14/23,UTA,POR,Offensive Foul,POR,Challenge,,Won,4,4:40,https://videos.nba.com/nba/official-replay/media/trigger16_utapor_3_121423_approved_1280x720.mp4
12/14/23,OKC,SAC,Defensive Foul,OKC,Challenge,,Won,4,4:54,https://videos.nba.com/nba/official-replay/media/trigger16_okcsac_1_121423_approved_1280x720.mp4
12/14/23,OKC,SAC,Defensive Foul,OKC,Challenge,,Won,4,2:50,https://videos.nba.com/nba/official-replay/media/trigger16_okcsac_2_121423_approved_1280x720.mp4
12/15/23,NOP,CHA,Offensive Foul,NOP,Challenge,,Won,1,3:15,https://videos.nba.com/nba/official-replay/media/trigger16_nopcha_1_121523_approved_1280x720.mp4
12/15/23,NOP,CHA,Away Team Possession,CHA,Challenge,,Won,4,8:44,https://videos.nba.com/nba/official-replay/media/trigger17_nopcha_1_121523_approved_1280x720.mp4
12/15/23,HOU,MEM,Away Team Possession,MEM,Challenge,,Won,3,4:21,https://videos.nba.com/nba/official-replay/media/trigger17_houmem_1_121523_approved_1280x720.mp4
12/15/23,HOU,MEM,Defensive Foul,HOU,Challenge,,Lost,4,7:04,https://videos.nba.com/nba/official-replay/media/trigger16_houmem_1_121523_approved_1280x720.mp4
12/15/23,NYK,PHX,Defensive Foul,PHX,Challenge,,Won,3,5:53,https://videos.nba.com/nba/official-replay/media/trigger16_nykphx_1_121523_approved_1280x720.mp4
12/16/23,DET,MIL,Defensive Foul,MIL,Challenge,,Won,2,9:51,https://videos.nba.com/nba/official-replay/media/trigger16_detmil_1_121623_approved_1280x720.mp4
12/16/23,DET,MIL,Defensive Foul,DET,Challenge,,Lost,3,10:31,https://videos.nba.com/nba/official-replay/media/trigger16_detmil_2_121623_approved_1280x720.mp4
12/16/23,PHI,CHA,Offensive Foul,PHI,Challenge,,Won,2,7:44,https://videos.nba.com/nba/official-replay/media/trigger16_phicha_1_121623_approved_1280x720.mp4
12/16/23,ATL,CLE,Defensive Foul,CLE,Challenge,,Lost,4,11:16,https://videos.nba.com/nba/official-replay/media/trigger16_atlcle_1_121623_approved_1280x720.mp4
12/16/23,IND,MIN,Defensive Foul,IND,Challenge,,Won,3,7:20,https://videos.nba.com/nba/official-replay/media/trigger16_indmin_1_121623_approved_1280x720.mp4
12/16/23,ATL,CLE,Defensive Foul,ATL,Challenge,,Lost,4,5:53,https://videos.nba.com/nba/official-replay/media/trigger16_atlcle_2_121623_approved_1280x720.mp4
12/16/23,BKN,GSW,Home Team Possession,BKN,Challenge,,Lost,4,8:40,https://videos.nba.com/nba/official-replay/media/trigger17_bkngsw_1_121623_approved_1280x720.mp4
12/16/23,OKC,DEN,Offensive Foul,DEN,Challenge,,Lost,3,1:50,https://videos.nba.com/nba/official-replay/media/trigger16_okcden_2_121623_approved_1280x720.mp4
12/16/23,UTA,SAC,Home Team Possession,UTA,Challenge,,Lost,4,7:02,https://videos.nba.com/nba/official-replay/media/trigger17_utasac_1_121623_approved_1280x720.mp4
12/17/23,ORL,BOS,Loose Ball Foul,BOS,Challenge,,Won,2,9:26,https://videos.nba.com/nba/official-replay/media/trigger16_orlbos_1_121723_approved_1280x720.mp4
12/17/23,ORL,BOS,Defensive Foul,ORL,Challenge,,Won,2,8:07,https://videos.nba.com/nba/official-replay/media/trigger16_orlbos_2_121723_approved_1280x720.mp4
12/17/23,ORL,BOS,Defensive Foul,ORL,Challenge,,Won,4,5:08,https://videos.nba.com/nba/official-replay/media/trigger16_orlbos_3_121723_approved_1280x720.mp4
12/17/23,NOP,SAS,Defensive Foul,SAS,Challenge,,Lost,3,1:46,https://videos.nba.com/nba/official-replay/media/trigger16_nopsas_1_121723_approved_1280x720.mp4
12/17/23,WAS,PHX,Home Team Possession,WAS,Challenge,,Won,2,11:40,https://videos.nba.com/nba/official-replay/media/trigger17_wasphx_1_121723_approved_1280x720.mp4
12/17/23,HOU,MIL,Defensive Foul,MIL,Challenge,,Won,3,4:47,https://videos.nba.com/nba/official-replay/media/trigger16_houmil_1_121723_approved_1280x720.mp4
12/17/23,GSW,POR,Offensive Foul,POR,Challenge,,Won,1,3:00,https://videos.nba.com/nba/official-replay/media/trigger16_gswpor_1_121723_approved_1280x720.mp4
12/17/23,WAS,PHX,Defensive Foul,PHX,Challenge,,Won,4,1:18,https://videos.nba.com/nba/official-replay/media/trigger16_wasphx_1_121723_approved_1280x720.mp4
12/17/23,WAS,PHX,Defensive Foul,PHX,Challenge,,Won,4,00:16.8,https://videos.nba.com/nba/official-replay/media/trigger16_wasphx_2_121723_approved_1280x720.mp4
12/17/23,GSW,POR,Offensive Foul,POR,Challenge,,Lost,4,9:13,https://videos.nba.com/nba/official-replay/media/trigger16_gswpor_2_121723_approved_1280x720.mp4
12/18/23,DET,ATL,Defensive Foul,ATL,Challenge,,Won,1,00:29.7,https://videos.nba.com/nba/official-replay/media/trigger16_detatl_1_121823_approved_1280x720.mp4
12/18/23,MEM,OKC,Defensive Foul,OKC,Challenge,,Won,1,1:03,https://videos.nba.com/nba/official-replay/media/trigger16_memokc_1_121823_approved_1280x720.mp4
12/18/23,MEM,OKC,Goaltending,OKC,Challenge,,Won,2,5:44,https://videos.nba.com/nba/official-replay/media/trigger18_memokc_1_121823_approved_1280x720.mp4
12/18/23,LAC,IND,Defensive Foul,LAC,Challenge,,Lost,4,9:36,https://videos.nba.com/nba/official-replay/media/trigger16_lacind_1_121823_approved_1280x720.mp4
12/18/23,CHI,PHI,Defensive Foul,PHI,Challenge,,Lost,4,00:16.2,https://videos.nba.com/nba/official-replay/media/trigger16_chiphi_1_121823_approved_1280x720.mp4
12/18/23,LAC,IND,Defensive Foul,IND,Challenge,,Won,4,6:09,https://videos.nba.com/nba/official-replay/media/trigger16_lacind_2_121823_approved_1280x720.mp4
12/18/23,MIN,MIA,Defensive Foul,MIN,Challenge,,Won,4,10:32,https://videos.nba.com/nba/official-replay/media/trigger16_minmia_1_121823_approved_1280x720.mp4
12/18/23,CHA,TOR,Goaltending,TOR,Challenge,,Lost,4,6:49,https://videos.nba.com/nba/official-replay/media/trigger18_chator_1_121823_approved_1280x720.mp4
12/18/23,DET,ATL,Defensive Foul,DET,Challenge,,Lost,4,6:11,https://videos.nba.com/nba/official-replay/media/trigger16_detatl_2_121823_approved_1280x720.mp4
12/19/23,MEM,NOP,Offensive Foul,NOP,Challenge,,Lost,2,7:43,https://videos.nba.com/nba/official-replay/media/trigger16_memnop_1_121923_approved_1280x720.mp4
12/19/23,SAS,MIL,Defensive Foul,MIL,Challenge,,Lost,1,3:07,https://videos.nba.com/nba/official-replay/media/trigger16_sasmil_1_121923_approved_1280x720.mp4
12/19/23,MEM,NOP,Defensive Foul,MEM,Challenge,,Lost,2,1:21,https://videos.nba.com/nba/official-replay/media/trigger16_memnop_2_121923_approved_1280x720.mp4
12/19/23,PHX,POR,Defensive Foul,POR,Challenge,,Won,2,4:56,https://videos.nba.com/nba/official-replay/media/trigger16_phxpor_1_121923_approved_1280x720.mp4
12/19/23,PHX,POR,Offensive Foul,PHX,Challenge,,Won,2,1:25,https://videos.nba.com/nba/official-replay/media/trigger16_phxpor_2_121923_approved_1280x720.mp4
12/19/23,BOS,GSW,Defensive Foul,GSW,Challenge,,Lost,3,6:07,https://videos.nba.com/nba/official-replay/media/trigger16_bosgsw_1_121923_approved_1280x720.mp4
12/19/23,BOS,GSW,Home Team Possession,BOS,Challenge,,Lost,4,00:29.6,https://videos.nba.com/nba/official-replay/media/trigger17_bosgsw_1_121923_approved_1280x720.mp4
12/20/23,MIA,ORL,Defensive Foul,ORL,Challenge,,Lost,3,2:44,https://videos.nba.com/nba/official-replay/media/trigger16_miaorl_1_122023_approved_1280x720.mp4
12/20/23,MIN,PHI,Home Team Possession,MIN,Challenge,,Won,4,11:08,https://videos.nba.com/nba/official-replay/media/trigger17_minphi_1_122023_approved_1280x720.mp4
12/20/23,LAC,DAL,Defensive Foul,DAL,Challenge,,Won,1,1:11,https://videos.nba.com/nba/official-replay/media/trigger16_lacdal_1_122023_approved_1280x720.mp4
12/20/23,MIN,PHI,Away Team Possession,PHI,Challenge,,Won,4,6:21,https://videos.nba.com/nba/official-replay/media/trigger17_minphi_2_122023_approved_1280x720.mp4
12/20/23,MIN,PHI,Away Team Possession,PHI,Challenge,,Won,4,3:37,https://videos.nba.com/nba/official-replay/media/trigger17_minphi_3_122023_approved_1280x720.mp4
12/20/23,LAC,DAL,Defensive Foul,LAC,Challenge,,Lost,2,1:49,https://videos.nba.com/nba/official-replay/media/trigger16_lacdal_2_122023_approved_1280x720.mp4
12/20/23,BOS,SAC,Defensive Foul,SAC,Challenge,,Lost,2,3:30,https://videos.nba.com/nba/official-replay/media/trigger16_bossac_1_122023_approved_1280x720.mp4
12/20/23,BOS,SAC,Home Team Possession,BOS,Challenge,,Won,3,4:39,https://videos.nba.com/nba/official-replay/media/trigger17_bossac_1_122023_approved_1280x720.mp4
12/20/23,BOS,SAC,Home Team Possession,BOS,Challenge,,Lost,4,4:42,https://videos.nba.com/nba/official-replay/media/trigger17_bossac_2_122023_approved_1280x720.mp4
12/21/23,UTA,DET,Defensive Foul,UTA,Challenge,,Won,2,11:21,https://videos.nba.com/nba/official-replay/media/trigger16_utadet_1_122123_approved_1280x720.mp4
12/21/23,IND,MEM,Defensive Foul,MEM,Challenge,,Won,3,00:23.3,https://videos.nba.com/nba/official-replay/media/trigger16_indmem_1_122123_approved_1280x720.mp4
12/21/23,LAC,OKC,Defensive Foul,OKC,Challenge,,Won,4,5:17,https://videos.nba.com/nba/official-replay/media/trigger16_lacokc_1_122123_approved_1280x720.mp4
12/21/23,WAS,POR,Defensive Foul,POR,Challenge,,Won,4,00:07.4,https://videos.nba.com/nba/official-replay/media/trigger16_waspor_1_122123_approved_1280x720.mp4
12/22/23,DAL,HOU,Away Team Possession,HOU,Challenge,,Lost,1,2:34,https://videos.nba.com/nba/official-replay/media/trigger17_dalhou_1_122223_approved_1280x720.mp4
12/22/23,DAL,HOU,Defensive Foul,DAL,Challenge,,Lost,2,00:04.4,https://videos.nba.com/nba/official-replay/media/trigger16_dalhou_1_122223_approved_1280x720.mp4
12/22/23,TOR,PHI,Defensive Foul,TOR,Challenge,,Won,4,2:56,https://videos.nba.com/nba/official-replay/media/trigger16_torphi_1_122223_approved_1280x720.mp4
12/22/23,DEN,BKN,Defensive Foul,BKN,Challenge,,Lost,4,9:01,https://videos.nba.com/nba/official-replay/media/trigger16_denbkn_1_122223_approved_1280x720.mp4
12/23/23,MIL,NYK,Defensive Foul,NYK,Challenge,,Won,2,2:00,https://videos.nba.com/nba/official-replay/media/trigger16_milnyk_1_122323_approved_1280x720.mp4
12/23/23,MIL,NYK,Offensive Foul,NYK,Challenge,,Lost,3,3:45,https://videos.nba.com/nba/official-replay/media/trigger16_milnyk_2_122323_approved_1280x720.mp4
12/23/23,BOS,LAC,Home Team Possession,BOS,Challenge,,Won,3,6:40,https://videos.nba.com/nba/official-replay/media/trigger17_boslac_1_122323_approved_1280x720.mp4
12/23/23,DEN,CHA,Defensive Foul,CHA,Challenge,,Lost,2,11:26,https://videos.nba.com/nba/official-replay/media/trigger16_dencha_1_122323_approved_1280x720.mp4
12/23/23,MEM,ATL,Defensive Foul,MEM,Challenge,,Won,2,6:50,https://videos.nba.com/nba/official-replay/media/trigger16_mematl_1_122323_approved_1280x720.mp4
12/23/23,CLE,CHI,Away Team Possession,CHI,Challenge,,Won,2,9:32,https://videos.nba.com/nba/official-replay/media/trigger17_clechi_1_122323_approved_1280x720.mp4
12/23/23,LAL,OKC,Away Team Possession,OKC,Challenge,,Won,2,7:34,https://videos.nba.com/nba/official-replay/media/trigger17_lalokc_1_122323_approved_1280x720.mp4
12/23/23,MEM,ATL,Defensive Foul,ATL,Challenge,,Won,3,00:33.1,https://videos.nba.com/nba/official-replay/media/trigger16_mematl_2_122323_approved_1280x720.mp4
12/23/23,MEM,ATL,Defensive Foul,MEM,Challenge,,Lost,3,00:03.3,https://videos.nba.com/nba/official-replay/media/trigger16_mematl_3_122323_approved_1280x720.mp4
12/23/23,CLE,CHI,Offensive Foul,CLE,Challenge,,Won,3,8:45,https://videos.nba.com/nba/official-replay/media/trigger16_clechi_1_122323_approved_1280x720.mp4
12/23/23,LAL,OKC,Defensive Foul,OKC,Challenge,,Lost,3,4:01,https://videos.nba.com/nba/official-replay/media/trigger16_lalokc_1_122323_approved_1280x720.mp4
12/23/23,DET,BKN,Defensive Foul,BKN,Challenge,,Lost,4,4:04,https://videos.nba.com/nba/official-replay/media/trigger16_detbkn_1_122323_approved_1280x720.mp4
12/23/23,SAS,DAL,Defensive Foul,DAL,Challenge,,Won,3,9:41,https://videos.nba.com/nba/official-replay/media/trigger16_sasdal_1_122323_approved_1280x720.mp4
12/25/23,MIL,NYK,Defensive Foul,MIL,Challenge,,Won,1,5:20,https://videos.nba.com/nba/official-replay/media/trigger16_milnyk_1_122523_approved_1280x720.mp4
12/25/23,GSW,DEN,Defensive Foul,DEN,Challenge,,Lost,3,6:45,https://videos.nba.com/nba/official-replay/media/trigger16_gswden_1_122523_approved_1280x720.mp4
12/25/23,BOS,LAL,Defensive Foul,LAL,Challenge,,Won,1,2:45,https://videos.nba.com/nba/official-replay/media/trigger16_boslal_1_122523_approved_1280x720.mp4
12/25/23,BOS,LAL,Defensive Foul,LAL,Challenge,,Won,2,1:32,https://videos.nba.com/nba/official-replay/media/trigger16_boslal_2_122523_approved_1280x720.mp4
12/25/23,PHI,MIA,Offensive Foul,PHI,Challenge,,Won,1,9:06,https://videos.nba.com/nba/official-replay/media/trigger16_phimia_1_122523_approved_1280x720.mp4
12/26/23,UTA,SAS,Defensive Foul,UTA,Challenge,,Won,2,10:36,https://videos.nba.com/nba/official-replay/media/trigger16_utasas_1_122623_approved_1280x720.mp4
12/26/23,ORL,WAS,Defensive Foul,ORL,Challenge,,Won,4,11:27,https://videos.nba.com/nba/official-replay/media/trigger16_orlwas_1_122623_approved_1280x720.mp4
12/26/23,ORL,WAS,Defensive Foul,ORL,Challenge,,Won,4,3:47,https://videos.nba.com/nba/official-replay/media/trigger16_orlwas_2_122623_approved_1280x720.mp4
12/26/23,MIN,OKC,Offensive Foul,OKC,Challenge,,Won,3,9:58,https://videos.nba.com/nba/official-replay/media/trigger16_minokc_1_122623_approved_1280x720.mp4
12/26/23,ATL,CHI,Defensive Foul,ATL,Challenge,,Won,3,3:13,https://videos.nba.com/nba/official-replay/media/trigger16_atlchi_1_122623_approved_1280x720.mp4
12/26/23,MIN,OKC,Defensive Foul,MIN,Challenge,,Won,4,9:51,https://videos.nba.com/nba/official-replay/media/trigger16_minokc_2_122623_approved_1280x720.mp4
12/26/23,MEM,NOP,Defensive Foul,NOP,Challenge,,Won,4,00:01.5,https://videos.nba.com/nba/official-replay/media/trigger16_memnop_1_122623_approved_1280x720.mp4
12/26/23,MEM,NOP,Defensive Foul,NOP,Challenge,,Lost,4,00:00.4,https://videos.nba.com/nba/official-replay/media/trigger16_memnop_2_122623_approved_1280x720.mp4
12/26/23,CHA,LAC,Defensive Foul,CHA,Challenge,,Won,1,6:51,https://videos.nba.com/nba/official-replay/media/trigger16_chalac_1_122623_approved_1280x720.mp4
12/27/23,MIL,BKN,Home Team Possession,MIL,Challenge,,Won,3,8:15,https://videos.nba.com/nba/official-replay/media/trigger17_milbkn_1_122723_approved_1280x720.mp4
12/27/23,PHI,ORL,Loose Ball Foul,ORL,Challenge,,Won,4,5:29,https://videos.nba.com/nba/official-replay/media/trigger16_phiorl_1_122723_approved_1280x720.mp4
12/27/23,NYK,OKC,Home Team Possession,NYK,Challenge,,Won,3,2:19,https://videos.nba.com/nba/official-replay/media/trigger17_nykokc_1_122723_approved_1280x720.mp4
12/27/23,MIL,BKN,Home Team Possession,MIL,Challenge,,Won,4,3:12,https://videos.nba.com/nba/official-replay/media/trigger17_milbkn_2_122723_approved_1280x720.mp4
12/27/23,NYK,OKC,Defensive Foul,OKC,Challenge,,Won,4,4:55,https://videos.nba.com/nba/official-replay/media/trigger16_nykokc_1_122723_approved_1280x720.mp4
12/27/23,CLE,DAL,Offensive Foul,CLE,Challenge,,Won,4,2:30,https://videos.nba.com/nba/official-replay/media/trigger16_cledal_1_122723_approved_1280x720.mp4
12/28/23,DAL,MIN,Offensive Foul,MIN,Challenge,,Lost,2,8:29,https://videos.nba.com/nba/official-replay/media/trigger16_dalmin_1_122823_approved_1280x720.mp4
12/28/23,UTA,NOP,Home Team Possession,UTA,Challenge,,Lost,4,8:35,https://videos.nba.com/nba/official-replay/media/trigger17_utanop_1_122823_approved_1280x720.mp4
12/28/23,IND,CHI,Offensive Foul,CHI,Challenge,,Won,4,10:15,https://videos.nba.com/nba/official-replay/media/trigger16_indchi_1_122823_approved_1280x720.mp4
12/28/23,SAS,POR,Offensive Foul,SAS,Challenge,,Lost,2,3:41,https://videos.nba.com/nba/official-replay/media/trigger16_saspor_1_122823_approved_1280x720.mp4
12/28/23,CHA,LAL,Defensive Foul,LAL,Challenge,,Lost,2,5:43,https://videos.nba.com/nba/official-replay/media/trigger16_chalal_1_122823_approved_1280x720.mp4
12/28/23,MIA,GSW,Defensive Foul,MIA,Challenge,,Won,4,7:55,https://videos.nba.com/nba/official-replay/media/trigger16_miagsw_1_122823_approved_1280x720.mp4
12/29/23,NYK,ORL,Offensive Foul,ORL,Challenge,,Won,3,1:39,https://videos.nba.com/nba/official-replay/media/trigger16_nykorl_1_122923_approved_1280x720.mp4
12/29/23,BKN,WAS,Defensive Foul,WAS,Challenge,,Won,4,3:12,https://videos.nba.com/nba/official-replay/media/trigger16_bknwas_1_122923_approved_1280x720.mp4
12/29/23,NYK,ORL,Home Team Possession,NYK,Challenge,,Won,4,6:04,https://videos.nba.com/nba/official-replay/media/trigger17_nykorl_1_122923_approved_1280x720.mp4
12/29/23,BKN,WAS,Home Team Possession,BKN,Challenge,,Lost,4,2:11,https://videos.nba.com/nba/official-replay/media/trigger17_bknwas_1_122923_approved_1280x720.mp4
12/29/23,NYK,ORL,Loose Ball Foul,NYK,Challenge,,Lost,4,1:02,https://videos.nba.com/nba/official-replay/media/trigger16_nykorl_2_122923_approved_1280x720.mp4
12/29/23,TOR,BOS,Defensive Foul,BOS,Challenge,,Won,4,4:22,https://videos.nba.com/nba/official-replay/media/trigger16_torbos_1_122923_approved_1280x720.mp4
12/29/23,SAC,ATL,Defensive Foul,SAC,Challenge,,Won,4,2:05,https://videos.nba.com/nba/official-replay/media/trigger16_sacatl_1_122923_approved_1280x720.mp4
12/29/23,MIL,CLE,Defensive Foul,CLE,Challenge,,Lost,4,4:21,https://videos.nba.com/nba/official-replay/media/trigger16_milcle_1_122923_approved_1280x720.mp4
12/29/23,TOR,BOS,Defensive Foul,BOS,Challenge,,Lost,4,00:15.5,https://videos.nba.com/nba/official-replay/media/trigger16_torbos_2_122923_approved_1280x720.mp4
12/29/23,PHI,HOU,Defensive Foul,HOU,Challenge,,Won,4,11:47,https://videos.nba.com/nba/official-replay/media/trigger16_phihou_1_122923_approved_1280x720.mp4
12/29/23,OKC,DEN,Defensive Foul,OKC,Challenge,,Won,2,5:42,https://videos.nba.com/nba/official-replay/media/trigger16_okcden_1_122923_approved_1280x720.mp4
12/29/23,CHA,PHX,Offensive Foul,PHX,Challenge,,Lost,2,00:08.3,https://videos.nba.com/nba/official-replay/media/trigger16_chaphx_1_122923_approved_1280x720.mp4
12/29/23,OKC,DEN,Defensive Foul,DEN,Challenge,,Lost,4,9:26,https://videos.nba.com/nba/official-replay/media/trigger16_okcden_2_122923_approved_1280x720.mp4
12/29/23,MEM,LAC,Goaltending,MEM,Challenge,,Won,2,6:03,https://videos.nba.com/nba/official-replay/media/trigger18_memlac_1_122923_approved_1280x720.mp4
12/29/23,MEM,LAC,Defensive Foul,LAC,Challenge,,Won,3,10:12,https://videos.nba.com/nba/official-replay/media/trigger16_memlac_1_122923_approved_1280x720.mp4
12/30/23,TOR,DET,Home Team Possession,TOR,Challenge,,Won,3,7:49,https://videos.nba.com/nba/official-replay/media/trigger17_tordet_1_123023_approved_1280x720.mp4
12/30/23,LAL,MIN,Defensive Foul,LAL,Challenge,,Won,3,00:01.2,https://videos.nba.com/nba/official-replay/media/trigger16_lalmin_1_123023_approved_1280x720.mp4
12/30/23,LAL,MIN,Defensive Foul,LAL,Challenge,,Lost,4,9:27,https://videos.nba.com/nba/official-replay/media/trigger16_lalmin_2_123023_approved_1280x720.mp4
12/30/23,DAL,GSW,Defensive Foul,GSW,Challenge,,Won,3,1:14,https://videos.nba.com/nba/official-replay/media/trigger16_dalgsw_1_123023_approved_1280x720.mp4
12/30/23,DAL,GSW,Offensive Foul,GSW,Challenge,,Lost,4,1:11,https://videos.nba.com/nba/official-replay/media/trigger16_dalgsw_2_123023_approved_1280x720.mp4
12/31/23,ATL,WAS,Offensive Foul,ATL,Challenge,,Won,4,6:32,https://videos.nba.com/nba/official-replay/media/trigger16_atlwas_1_123123_approved_1280x720.mp4
12/31/23,BOS,SAS,Defensive Foul,SAS,Challenge,,Lost,3,10:43,https://videos.nba.com/nba/official-replay/media/trigger16_bossas_1_123123_approved_1280x720.mp4
12/31/23,BKN,OKC,Defensive Foul,OKC,Challenge,,Lost,3,5:13,https://videos.nba.com/nba/official-replay/media/trigger16_bknokc_1_123123_approved_1280x720.mp4
1/1/24,MIN,NYK,Offensive Foul,MIN,Challenge,,Lost,2,7:47,https://videos.nba.com/nba/official-replay/media/trigger16_minnyk_1_010124_approved_1280x720.mp4
1/1/24,CLE,TOR,Defensive Foul,TOR,Challenge,,Won,2,7:03,https://videos.nba.com/nba/official-replay/media/trigger16_cletor_1_010124_approved_1280x720.mp4
1/1/24,IND,MIL,Loose Ball Foul,MIL,Challenge,,Lost,4,1:03,https://videos.nba.com/nba/official-replay/media/trigger16_indmil_1_010124_approved_1280x720.mp4
1/1/24,DAL,UTA,Away Team Possession,UTA,Challenge,,Won,3,4:19,https://videos.nba.com/nba/official-replay/media/trigger17_daluta_1_010124_approved_1280x720.mp4
1/1/24,CHA,DEN,Offensive Foul,DEN,Challenge,,Lost,3,1:35,https://videos.nba.com/nba/official-replay/media/trigger16_chaden_1_010124_approved_1280x720.mp4
1/1/24,MIA,LAC,Defensive Foul,MIA,Challenge,,Lost,3,7:52,https://videos.nba.com/nba/official-replay/media/trigger16_mialac_1_010124_approved_1280x720.mp4
1/2/24,CHI,PHI,Offensive Foul,PHI,Challenge,,Lost,3,10:49,https://videos.nba.com/nba/official-replay/media/trigger16_chiphi_1_010224_approved_1280x720.mp4
1/2/24,BOS,OKC,Defensive Foul,OKC,Challenge,,Lost,1,00:00.6,https://videos.nba.com/nba/official-replay/media/trigger16_bosokc_1_010224_approved_1280x720.mp4
1/2/24,SAS,MEM,Defensive Foul,MEM,Challenge,,Won,4,3:07,https://videos.nba.com/nba/official-replay/media/trigger16_sasmem_1_010224_approved_1280x720.mp4
1/2/24,ORL,GSW,Defensive Foul,ORL,Challenge,,Lost,1,7:11,https://videos.nba.com/nba/official-replay/media/trigger16_orlgsw_1_010224_approved_1280x720.mp4
1/2/24,CHA,SAC,Defensive Foul,CHA,Challenge,,Won,4,5:47,https://videos.nba.com/nba/official-replay/media/trigger16_chasac_1_010224_approved_1280x720.mp4
1/3/24,MIL,IND,Defensive Foul,MIL,Challenge,,Lost,4,5:10,https://videos.nba.com/nba/official-replay/media/trigger16_milind_1_010324_approved_1280x720.mp4
1/3/24,NOP,MIN,Away Team Possession,MIN,Challenge,,Won,3,8:04,https://videos.nba.com/nba/official-replay/media/trigger17_nopmin_1_010324_approved_1280x720.mp4
1/3/24,BKN,HOU,Away Team Possession,HOU,Challenge,,Won,3,6:32,https://videos.nba.com/nba/official-replay/media/trigger17_bknhou_1_010324_approved_1280x720.mp4
1/3/24,MIL,IND,Goaltending,IND,Challenge,,Won,4,2:47,https://videos.nba.com/nba/official-replay/media/trigger18_milind_1_010324_approved_1280x720.mp4
1/3/24,NOP,MIN,Home Team Possession,NOP,Challenge,,Won,3,6:21,https://videos.nba.com/nba/official-replay/media/trigger17_nopmin_2_010324_approved_1280x720.mp4
1/3/24,TOR,MEM,Defensive Foul,TOR,Challenge,,Lost,3,1:44,https://videos.nba.com/nba/official-replay/media/trigger16_tormem_1_010324_approved_1280x720.mp4
1/3/24,OKC,ATL,Defensive Foul,ATL,Challenge,,Lost,4,3:21,https://videos.nba.com/nba/official-replay/media/trigger16_okcatl_1_010324_approved_1280x720.mp4
1/3/24,BKN,HOU,Offensive Foul,BKN,Challenge,,Won,4,7:41,https://videos.nba.com/nba/official-replay/media/trigger16_bknhou_1_010324_approved_1280x720.mp4
1/3/24,CHI,NYK,Away Team Possession,NYK,Challenge,,Won,4,5:24,https://videos.nba.com/nba/official-replay/media/trigger17_chinyk_1_010324_approved_1280x720.mp4
1/3/24,LAC,PHX,Defensive Foul,LAC,Challenge,,Lost,3,00:01.2,https://videos.nba.com/nba/official-replay/media/trigger16_lacphx_1_010324_approved_1280x720.mp4
1/3/24,DET,UTA,Offensive Foul,DET,Challenge,,Won,4,10:30,https://videos.nba.com/nba/official-replay/media/trigger16_detuta_2_010324_approved_1280x720.mp4
1/3/24,MIA,LAL,Defensive Foul,LAL,Challenge,,Lost,2,3:53,https://videos.nba.com/nba/official-replay/media/trigger16_mialal_1_010324_approved_1280x720.mp4
1/3/24,LAC,PHX,Defensive Foul,PHX,Challenge,,Won,4,8:00,https://videos.nba.com/nba/official-replay/media/trigger16_lacphx_2_010324_approved_1280x720.mp4
1/3/24,LAC,PHX,Away Team Possession,PHX,Challenge,,Won,4,2:49,https://videos.nba.com/nba/official-replay/media/trigger17_lacphx_1_010324_approved_1280x720.mp4
1/3/24,ORL,SAC,Away Team Possession,SAC,Challenge,,Lost,3,7:39,https://videos.nba.com/nba/official-replay/media/trigger17_orlsac_1_010324_approved_1280x720.mp4
1/3/24,ORL,SAC,Home Team Possession,ORL,Challenge,,Won,4,7:04,https://videos.nba.com/nba/official-replay/media/trigger17_orlsac_2_010324_approved_1280x720.mp4
1/4/24,MIL,SAS,Offensive Foul,MIL,Challenge,,Won,4,7:22,https://videos.nba.com/nba/official-replay/media/trigger16_milsas_1_010424_approved_1280x720.mp4
1/4/24,MIL,SAS,Home Team Possession,MIL,Challenge,,Lost,4,4:45,https://videos.nba.com/nba/official-replay/media/trigger17_milsas_1_010424_approved_1280x720.mp4
1/5/24,WAS,CLE,Defensive Foul,WAS,Challenge,,Won,1,2:40,https://videos.nba.com/nba/official-replay/media/trigger16_wascle_1_010524_approved_1280x720.mp4
1/5/24,UTA,BOS,Defensive Foul,UTA,Challenge,,Lost,3,7:31,https://videos.nba.com/nba/official-replay/media/trigger16_utabos_1_010524_approved_1280x720.mp4
1/5/24,CHA,CHI,Defensive Foul,CHI,Challenge,,Won,3,11:34,https://videos.nba.com/nba/official-replay/media/trigger16_chachi_1_010524_approved_1280x720.mp4
1/5/24,CHA,CHI,Defensive Foul,CHA,Challenge,,Lost,3,6:34,https://videos.nba.com/nba/official-replay/media/trigger16_chachi_2_010524_approved_1280x720.mp4
1/5/24,NYK,PHI,Away Team Possession,PHI,Challenge,,Won,4,11:19,https://videos.nba.com/nba/official-replay/media/trigger17_nykphi_1_010524_approved_1280x720.mp4
1/5/24,ORL,DEN,Away Team Possession,DEN,Challenge,,Won,4,3:29,https://videos.nba.com/nba/official-replay/media/trigger17_orlden_1_010524_approved_1280x720.mp4
1/5/24,DET,GSW,Home Team Possession,DET,Challenge,,Won,4,2:21,https://videos.nba.com/nba/official-replay/media/trigger17_detgsw_1_010524_approved_1280x720.mp4
1/5/24,TOR,SAC,Offensive Foul,SAC,Challenge,,Lost,4,4:15,https://videos.nba.com/nba/official-replay/media/trigger16_torsac_2_010524_approved_1280x720.mp4