Date,Visiting,Home,Initial Call,Challenging Team,Result,Placeholder,Outcome,Period,Time,Link
12/22/2020,LAC,LAL,Offensive Foul,LAL,Challenge,,Won,2,00:53.3,https://dmmx2.nba.com/videourlredirect?&project=/opsrep/trigger16_laclal_1_122220
12/22/2020,LAC,LAL,Shooting Foul,LAC,Challenge,,Won,3,04:33.0,https://dmmx2.nba.com/videourlredirect?&project=/opsrep/trigger16_laclal_2_122220
12/23/2020,NYK,IND,Defensive Foul,IND,Challenge,,Lost,1,00:02.5,https://dmmx2.nba.com/videourlredirect?&project=/opsrep/trigger16_nykind_1_122320
12/23/2020,WAS,PHI,Offensive Foul,WAS,Challenge,,Lost,2,05:57.0,https://dmmx2.nba.com/videourlredirect?&project=/opsrep/trigger16_wasphi_1_122320
12/23/2020,MIA,ORL,Defensive Foul,ORL,Challenge,,Won,4,08:11.0,https://dmmx2.nba.com/videourlredirect?&project=/opsrep/trigger16_miaorl_1_122320
12/23/2020,CHA,CLE,Defensive Foul,CHA,Challenge,,Won,4,00:23.3,https://dmmx2.nba.com/videourlredirect?&project=/opsrep/trigger16_chacle_1_122320
12/23/2020,ATL,CHI,Defensive Foul,ATL,Challenge,,Won,3,10:30.0,https://dmmx2.nba.com/videourlredirect?&project=/opsrep/trigger16_atlchi_1_122320
12/23/2020,NOP,TOR,Defensive Foul,TOR,Challenge,,Lost,4,01:16.0,https://dmmx2.nba.com/videourlredirect?&project=/opsrep/trigger16_noptor_1_122320
12/23/2020,SAS,MEM,Defensive Foul,MEM,Challenge,,Lost,4,01:25.0,https://dmmx2.nba.com/videourlredirect?&project=/opsrep/trigger16_sasmem_1_122320
12/23/2020,UTA,POR,Defensive Foul,POR,Challenge,,Lost,1,11:30.0,https://dmmx2.nba.com/videourlredirect?&project=/opsrep/trigger16_utapor_1_122320
12/23/2020,SAC,DEN,Offensive Foul,DEN,Challenge,,Lost,4,01:36.0,https://dmmx2.nba.com/videourlredirect?&project=/opsrep/trigger16_sacden_1_122320
12/23/2020,DAL,PHX,Defensive Foul,PHX,Challenge,,Lost,3,01:10.0,https://dmmx2.nba.com/videourlredirect?&project=/opsrep/trigger16_dalphx_1_122320
12/23/2020,DAL,PHX,Defensive Foul,DAL,Challenge,,Lost,4,11:21.0,https://dmmx2.nba.com/videourlredirect?&project=/opsrep/trigger16_dalphx_2_122320
12/25/2020,BKN,BOS,Defensive Foul,BOS,Challenge,,Lost,4,07:09.0,https://dmmx2.nba.com/videourlredirect?&project=/opsrep/trigger16_bknbos_1_122520
12/25/2020,DAL,LAL,Defensive Foul,DAL,Challenge,,Lost,4,03:18.0,https://dmmx2.nba.com/videourlredirect?&project=/opsrep/trigger16_dallal_1_122520
12/26/2020,IND,CHI,Personal Foul,CHI,Challenge,,Lost,2,05:29.0,https://dmmx2.nba.com/videourlredirect?&project=/opsrep/trigger16_indchi_1_122620
12/26/2020,TOR,SAS,Personal Foul,TOR,Challenge,,Won,3,09:53.0,https://dmmx2.nba.com/videourlredirect?&project=/opsrep/trigger16_torsas_1_122620
12/26/2020,PHX,SAC,Personal Foul,PHX,Challenge,,Lost,4,07:35.0,https://dmmx2.nba.com/videourlredirect?&project=/opsrep/trigger16_phxsac_1_122620
12/26/2020,HOU,POR,Personal Foul,HOU,Challenge,,Lost,4,00:32.9,https://dmmx2.nba.com/videourlredirect?&project=/opsrep/trigger16_houpor_1_122620
12/27/2020,ORL,WAS,Personal Foul,ORL,Challenge,,Won,2,03:06.0,https://dmmx2.nba.com/videourlredirect?&project=/opsrep/trigger16_orlwas_1_122720
12/27/2020,BKN,CHA,Offensive Foul,BKN,Challenge,,Won,2,00:49.0,https://dmmx2.nba.com/videourlredirect?&project=/opsrep/trigger16_bkncha_1_122720
12/27/2020,ORL,WAS,Offensive Foul,WAS,Challenge,,Lost,3,00:14.4,https://dmmx2.nba.com/videourlredirect?&project=/opsrep/trigger16_orlwas_2_122720
12/27/2020,SAS,NOP,Personal Foul,SAS,Challenge,,Lost,4,03:06.0,https://dmmx2.nba.com/videourlredirect?&project=/opsrep/trigger16_sasnop_1_122720
12/27/2020,GSW,CHI,Personal Foul,CHI,Challenge,,Lost,4,00:46.0,https://dmmx2.nba.com/videourlredirect?&project=/opsrep/trigger16_gswchi_1_122720
12/27/2020,PHX,SAC,Offensive Foul,SAC,Challenge,,Won,3,04:00.0,https://dmmx2.nba.com/videourlredirect?&project=/opsrep/trigger16_phxsac_1_122720
12/28/2020,MEM,BKN,Loose Ball Foul,BKN,Challenge,,Lost,5,00:08.9,https://dmmx2.nba.com/videourlredirect?&project=/opsrep/trigger16_membkn_1_122820
12/29/2020,TOR,PHI,Personal Foul,TOR,Challenge,,Won,3,04:22.0,https://dmmx2.nba.com/videourlredirect?&project=/opsrep/trigger16_torphi_1_122920
12/29/2020,NYK,CLE,Home Team Possession,NYK,Challenge,,Won,4,06:51.0,https://dmmx2.nba.com/videourlredirect?&project=/opsrep/trigger17_nykcle_1_122920
12/29/2020,GSW,DET,Personal Foul,DET,Challenge,,Won,4,08:07.0,https://dmmx2.nba.com/videourlredirect?&project=/opsrep/trigger16_gswdet_1_122920
12/29/2020,ORL,OKC,Offensive Foul,ORL,Challenge,,Won,4,07:39.0,https://dmmx2.nba.com/videourlredirect?&project=/opsrep/trigger16_orlokc_1_122920
12/29/2020,NOP,PHX,Offensive Foul,PHX,Challenge,,Won,2,01:02.0,https://dmmx2.nba.com/videourlredirect?&project=/opsrep/trigger16_nopphx_1_122920
12/30/2020,POR,LAC,Defensive Foul,LAC,Challenge,,Lost,2,10:03.0,https://dmmx2.nba.com/videourlredirect?&project=/opsrep/trigger16_porlac_1_123020
12/30/2020,CHA,DAL,Home Team Possession,CHA,Challenge,,Won,4,03:40.0,https://dmmx2.nba.com/videourlredirect?&project=/opsrep/trigger17_chadal_1_123020
12/31/2020,CLE,IND,Home Team Possession,CLE,Challenge,,Won,3,10:25.0,https://dmmx2.nba.com/videourlredirect?&project=/opsrep/trigger17_cleind_1_123120
12/31/2020,CLE,IND,Defensive Foul,IND,Challenge,,Won,3,02:55.0,https://dmmx2.nba.com/videourlredirect?&project=/opsrep/trigger16_cleind_1_123120
12/31/2020,NOP,OKC,Personal Foul,OKC,Challenge,,Lost,1,11:08.0,https://dmmx2.nba.com/videourlredirect?&project=/opsrep/trigger16_nopokc_1_123120
12/31/2020,SAC,HOU,Personal Foul,HOU,Challenge,,Won,4,10:40.0,https://dmmx2.nba.com/videourlredirect?&project=/opsrep/trigger16_sachou_1_123120
12/31/2020,PHX,UTA,Personal Foul,PHX,Challenge,,Lost,3,05:57.0,https://dmmx2.nba.com/videourlredirect?&project=/opsrep/trigger16_phxuta_1_123120
01/01/2021,BOS,DET,Offensive Foul,BOS,Challenge,,Lost,3,03:33.0,https://dmmx2.nba.com/videourlredirect?&project=/opsrep/trigger16_bosdet_1_010121
01/01/2021,MIA,DAL,Personal Foul,MIA,Challenge,,Lost,3,02:07.0,https://dmmx2.nba.com/videourlredirect?&project=/opsrep/trigger16_miadal_1_010121
01/01/2021,MEM,CHA,Personal Foul,CHA,Challenge,,Won,4,10:19.0,https://dmmx2.nba.com/videourlredirect?&project=/opsrep/trigger16_memcha_1_010121
01/01/2021,PHX,DEN,Offensive Foul,DEN,Challenge,,Lost,3,02:01.0,https://dmmx2.nba.com/videourlredirect?&project=/opsrep/trigger16_phxden_1_010121
01/01/2021,LAC,UTA,Personal Foul,LAC,Challenge,,Lost,4,00:20.4,https://dmmx2.nba.com/videourlredirect?&project=/opsrep/trigger16_lacuta_1_010121
01/01/2021,PHX,DEN,Personal Foul,PHX,Challenge,,Won,4,00:31.8,https://dmmx2.nba.com/videourlredirect?&project=/opsrep/trigger16_phxden_2_010121
01/02/2021,SAC,HOU,Personal Foul,HOU,Challenge,,Won,3,05:39.0,https://dmmx2.nba.com/videourlredirect?&project=/opsrep/trigger16_sachou_1_010221
01/02/2021,SAC,HOU,Personal Foul,SAC,Challenge,,Won,4,05:44.0,https://dmmx2.nba.com/videourlredirect?&project=/opsrep/trigger16_sachou_2_010221
01/02/2021,OKC,ORL,Personal Foul,OKC,Challenge,,Lost,4,09:37.0,https://dmmx2.nba.com/videourlredirect?&project=/opsrep/trigger16_okcorl_1_010221
01/02/2021,TOR,NOP,Defensive Foul,NOP,Challenge,,Lost,3,05:25.0,https://dmmx2.nba.com/videourlredirect?&project=/opsrep/trigger16_tornop_1_010221
01/02/2021,CHA,PHI,Shooting Foul,PHI,Challenge,,Won,4,05:01.0,https://dmmx2.nba.com/videourlredirect?&project=/opsrep/trigger16_chaphi_1_010221
01/02/2021,TOR,NOP,Personal Foul,TOR,Challenge,,Won,4,02:04.0,https://dmmx2.nba.com/videourlredirect?&project=/opsrep/trigger16_tornop_2_010221
01/03/2021,BOS,DET,Away Team Possession,DET,Challenge,,Won,4,02:28.0,https://dmmx2.nba.com/videourlredirect?&project=/opsrep/trigger17_bosdet_2_010321
01/03/2021,DEN,MIN,Personal Foul,MIN,Challenge,,Won,1,09:02.0,https://dmmx2.nba.com/videourlredirect?&project=/opsrep/trigger16_denmin_1_010321
01/03/2021,LAL,MEM,Home Team Possession,LAL,Challenge,,Won,4,08:27.0,https://dmmx2.nba.com/videourlredirect?&project=/opsrep/trigger17_lalmem_1_010321
01/03/2021,POR,GSW,Offensive Foul,POR,Challenge,,Lost,1,05:54.0,https://dmmx2.nba.com/videourlredirect?&project=/opsrep/trigger16_porgsw_1_010321
01/03/2021,LAC,PHX,Personal Foul,LAC,Challenge,,Lost,4,03:31.0,https://dmmx2.nba.com/videourlredirect?&project=/opsrep/trigger16_lacphx_1_010321
01/03/2021,DAL,CHI,Personal Foul,DAL,Challenge,,Lost,4,03:18.0,https://dmmx2.nba.com/videourlredirect?&project=/opsrep/trigger16_dalchi_1_010321
01/04/2021,IND,NOP,Personal Foul,IND,Challenge,,Lost,1,04:35.0,https://dmmx2.nba.com/videourlredirect?&project=/opsrep/trigger16_indnop_1_010421
01/04/2021,CLE,ORL,Personal Foul,CLE,Challenge,,Won,4,09:09.0,https://dmmx2.nba.com/videourlredirect?&project=/opsrep/trigger16_cleorl_1_010421
01/04/2021,NYK,ATL,Personal Foul,ATL,Challenge,,Lost,4,03:52.0,https://dmmx2.nba.com/videourlredirect?&project=/opsrep/trigger16_nykatl_1_010421
01/04/2021,BOS,TOR,Personal Foul,TOR,Challenge,,Lost,4,02:03.0,https://dmmx2.nba.com/videourlredirect?&project=/opsrep/trigger16_bostor_1_010421
01/04/2021,DAL,HOU,Personal Foul,HOU,Challenge,,Lost,4,03:45.0,https://dmmx2.nba.com/videourlredirect?&project=/opsrep/trigger16_dalhou_1_010421
01/04/2021,DAL,HOU,Personal Foul,DAL,Challenge,,Lost,4,01:08.0,https://dmmx2.nba.com/videourlredirect?&project=/opsrep/trigger16_dalhou_2_010421
01/05/2021,LAL,MEM,Shooting Foul,MEM,Challenge,,Won,3,00:24.8,https://dmmx2.nba.com/videourlredirect?&project=/opsrep/trigger16_lalmem_1_010521
01/05/2021,MIN,DEN,Personal Foul,DEN,Challenge,,Won,3,00:03.8,https://dmmx2.nba.com/videourlredirect?&project=/opsrep/trigger16_minden_1_010521
01/05/2021,SAS,LAC,Personal Foul,LAC,Challenge,,Won,2,02:00.0,https://dmmx2.nba.com/videourlredirect?&project=/opsrep/trigger16_saslac_1_010521
01/05/2021,CHI,POR,Personal Foul,POR,Challenge,,Lost,4,03:34.0,https://dmmx2.nba.com/videourlredirect?&project=/opsrep/trigger16_chipor_1_010521
01/06/2021,HOU,IND,Personal Foul,HOU,Challenge,,Lost,4,01:42.0,https://dmmx2.nba.com/videourlredirect?&project=/opsrep/trigger16_houind_1_010621
01/06/2021,CHA,ATL,Home Team Possession,CHA,Challenge,,Lost,4,07:27.0,https://dmmx2.nba.com/videourlredirect?&project=/opsrep/trigger17_chaatl_1_010621
01/06/2021,CHA,ATL,Personal Foul,ATL,Challenge,,Lost,4,03:24.0,https://dmmx2.nba.com/videourlredirect?&project=/opsrep/trigger16_chaatl_1_010621
01/06/2021,UTA,NYK,Personal Foul,UTA,Challenge,,Won,4,00:56.5,https://dmmx2.nba.com/videourlredirect?&project=/opsrep/trigger16_utanyk_1_010621
01/06/2021,LAC,GSW,Personal Foul,GSW,Challenge,,Lost,2,02:56.0,https://dmmx2.nba.com/videourlredirect?&project=/opsrep/trigger16_lacgsw_1_010621
01/06/2021,CHI,SAC,Personal Foul,SAC,Challenge,,Lost,4,10:15.0,https://dmmx2.nba.com/videourlredirect?&project=/opsrep/trigger16_chisac_1_010621
01/07/2021,CLE,MEM,Personal Foul,CLE,Challenge,,Won,4,00:33.5,https://dmmx2.nba.com/videourlredirect?&project=/opsrep/trigger16_clemem_1_010721
01/07/2021,DAL,DEN,Personal Foul,DEN,Challenge,,Won,1,00:05.5,https://dmmx2.nba.com/videourlredirect?&project=/opsrep/trigger16_dalden_1_010721
01/07/2021,SAS,LAL,Away Team Possession,LAL,Challenge,,Lost,4,02:35.0,https://dmmx2.nba.com/videourlredirect?&project=/opsrep/trigger17_saslal_1_010721
01/08/2021,PHX,DET,Home Team Possession,PHX,Challenge,,Lost,3,00:47.5,https://dmmx2.nba.com/videourlredirect?&project=/opsrep/trigger17_phxdet_1_010821
01/08/2021,OKC,NYK,Personal Foul,OKC,Challenge,,Won,4,11:43.0,https://dmmx2.nba.com/videourlredirect?&project=/opsrep/trigger16_okcnyk_1_010821
01/08/2021,TOR,SAC,Personal Foul,TOR,Challenge,,Won,2,09:14.0,https://dmmx2.nba.com/videourlredirect?&project=/opsrep/trigger16_torsac_1_010821
01/08/2021,LAC,GSW,Personal Foul,GSW,Challenge,,Won,3,02:30.0,https://dmmx2.nba.com/videourlredirect?&project=/opsrep/trigger16_lacgsw_1_010821
01/08/2021,LAC,GSW,Shooting Foul,LAC,Challenge,,Won,3,01:30.0,https://dmmx2.nba.com/videourlredirect?&project=/opsrep/trigger16_lacgsw_2_010821
01/09/2021,PHX,IND,Defensive Foul,IND,Challenge,,Won,2,05:45.0,https://dmmx2.nba.com/videourlredirect?&project=/opsrep/trigger16_phxind_1_010921
01/09/2021,PHX,IND,Defensive Foul,PHX,Challenge,,Won,4,00:56.6,https://dmmx2.nba.com/videourlredirect?&project=/opsrep/trigger16_phxind_2_010921
01/09/2021,MIA,WAS,Defensive Foul,WAS,Challenge,,Lost,4,05:14.0,https://dmmx2.nba.com/videourlredirect?&project=/opsrep/trigger16_miawas_1_010921
01/09/2021,ORL,DAL,Defensive Foul,ORL,Challenge,,Won,4,10:21.0,https://dmmx2.nba.com/videourlredirect?&project=/opsrep/trigger16_orldal_1_010921
01/09/2021,POR,SAC,Defensive Foul,POR,Challenge,,Won,3,04:30.0,https://dmmx2.nba.com/videourlredirect?&project=/opsrep/trigger16_porsac_1_010921
01/09/2021,POR,SAC,Defensive Foul,SAC,Challenge,,Won,3,04:22.0,https://dmmx2.nba.com/videourlredirect?&project=/opsrep/trigger16_porsac_2_010921
01/10/2021,CHI,LAC,Defensive Foul,LAC,Challenge,,Won,4,01:15.0,https://dmmx2.nba.com/videourlredirect?&project=/opsrep/trigger16_chilac_1_011021
01/10/2021,DEN,NYK,Defensive Foul,NYK,Challenge,,Won,4,11:44.0,https://dmmx2.nba.com/videourlredirect?&project=/opsrep/trigger16_dennyk_1_011021
01/10/2021,OKC,BKN,Defensive Foul,OKC,Challenge,,Won,4,04:06.0,https://dmmx2.nba.com/videourlredirect?&project=/opsrep/trigger16_okcbkn_1_011021
01/10/2021,LAL,HOU,Defensive Foul,HOU,Challenge,,Won,4,04:14.0,https://dmmx2.nba.com/videourlredirect?&project=/opsrep/trigger16_lalhou_1_011021
01/10/2021,TOR,GSW,Defensive Foul,TOR,Challenge,,Lost,4,00:04.3,https://dmmx2.nba.com/videourlredirect?&project=/opsrep/trigger16_torgsw_1_011021
01/11/2021,MIL,ORL,Offensive Foul,ORL,Challenge,,Won,3,08:02.0,https://dmmx2.nba.com/videourlredirect?&project=/opsrep/trigger16_milorl_1_011121
01/11/2021,PHX,WAS,Home Team Ball,PHX,Challenge,,Lost,4,04:42.0,https://dmmx2.nba.com/videourlredirect?&project=/opsrep/trigger17_phxwas_1_011121
01/11/2021,MEM,CLE,Defensive Foul,MEM,Challenge,,Lost,4,02:05.0,https://dmmx2.nba.com/videourlredirect?&project=/opsrep/trigger16_memcle_1_011121
01/11/2021,IND,SAC,Defensive Foul,IND,Challenge,,Won,4,10:50.0,https://dmmx2.nba.com/videourlredirect?&project=/opsrep/trigger16_indsac_1_011121
01/11/2021,TOR,POR,Defensive Foul,TOR,Challenge,,Lost,4,07:11.0,https://dmmx2.nba.com/videourlredirect?&project=/opsrep/trigger16_torpor_1_011121
01/12/2021,MIA,PHI,Offensive Foul,PHI,Challenge,,Lost,2,08:21.0,https://dmmx2.nba.com/videourlredirect?&project=/opsrep/trigger16_miaphi_1_011221
01/12/2021,MIA,PHI,Defensive Foul,MIA,Challenge,,Lost,4,00:07.1,https://dmmx2.nba.com/videourlredirect?&project=/opsrep/trigger16_miaphi_2_011221
01/12/2021,LAL,HOU,Defensive Foul,HOU,Challenge,,Lost,3,11:41.0,https://dmmx2.nba.com/videourlredirect?&project=/opsrep/trigger16_lalhou_1_011221
01/12/2021,DEN,BKN,Offensive Foul,DEN,Challenge,,Lost,4,02:00.0,https://dmmx2.nba.com/videourlredirect?&project=/opsrep/trigger16_denbkn_1_011221
01/12/2021,IND,GSW,Defensive Foul,IND,Challenge,,Won,4,02:24.0,https://dmmx2.nba.com/videourlredirect?&project=/opsrep/trigger16_indgsw_1_011221
01/12/2021,IND,GSW,Defensive Foul,GSW,Challenge,,Won,4,00:22.5,
01/13/2021,MEM,MIN,Defensive Foul,MEM,Challenge,,Won,4,00:52.4,https://dmmx2.nba.com/videourlredirect?&project=/opsrep/trigger16_memmin_1_011321
01/13/2021,POR,SAC,Offensive Foul,SAC,Challenge,,Won,3,11:34.0,https://dmmx2.nba.com/videourlredirect?&project=/opsrep/trigger16_porsac_1_011321
01/13/2021,NOP,LAC,Loose Ball Foul,NOP,Challenge,,Won,4,03:40.0,https://dmmx2.nba.com/videourlredirect?&project=/opsrep/trigger16_noplac_1_011321
01/14/2021,GSW,DEN,Defensive Foul,DEN,Challenge,,Lost,2,04:19.0,https://dmmx2.nba.com/videourlredirect?&project=/opsrep/trigger16_gswden_1_011421
01/14/2021,IND,POR,Defensive Foul,IND,Challenge,,Won,4,10:44.0,https://dmmx2.nba.com/videourlredirect?&project=/opsrep/trigger16_indpor_1_011421
01/14/2021,IND,POR,Away Team Ball,POR,Challenge,,Lost,4,06:24.0,https://dmmx2.nba.com/videourlredirect?&project=/opsrep/trigger17_indpor_1_011421
01/15/2021,ORL,BOS,Defensive Foul,BOS,Challenge,,Won,2,00:26.0,https://dmmx2.nba.com/videourlredirect?&project=/opsrep/trigger16_orlbos_1_011521
01/15/2021,NOP,LAL,Defensive Foul,NOP,Challenge,,Won,4,03:22.0,https://dmmx2.nba.com/videourlredirect?&project=/opsrep/trigger16_noplal_1_011521
01/16/2021,HOU,SAS,Defensive Foul,HOU,Challenge,,Lost,4,08:11.0,https://dmmx2.nba.com/videourlredirect?&project=/opsrep/trigger16_housas_1_011621
01/16/2021,HOU,SAS,Defensive Foul,SAS,Challenge,,Lost,4,07:54.0,https://dmmx2.nba.com/videourlredirect?&project=/opsrep/trigger16_housas_2_011621
01/16/2021,ORL,BKN,Loose Ball Foul,ORL,Challenge,,Won,4,00:08.6,https://dmmx2.nba.com/videourlredirect?&project=/opsrep/trigger16_orlbkn_1_011621
01/16/2021,CHA,TOR,Defensive Foul,TOR,Challenge,,Lost,4,05:35.0,https://dmmx2.nba.com/videourlredirect?&project=/opsrep/trigger16_chator_1_011621
01/16/2021,DET,MIA,Defensive Foul,DET,Challenge,,Won,4,03:42.0,https://dmmx2.nba.com/videourlredirect?&project=/opsrep/trigger16_detmia_1_011621
01/17/2021,NYK,BOS,Defensive Foul,NYK,Challenge,,Lost,4,08:58.0,https://dmmx2.nba.com/videourlredirect?&project=/opsrep/trigger16_nykbos_1_011721
01/17/2021,CHI,DAL,Offensive Foul,CHI,Challenge,,Lost,3,02:29.0,https://dmmx2.nba.com/videourlredirect?&project=/opsrep/trigger16_chidal_1_011721
01/17/2021,NOP,SAC,Defensive Foul,SAC,Challenge,,Won,2,04:22.0,https://dmmx2.nba.com/videourlredirect?&project=/opsrep/trigger16_nopsac_1_011721
01/17/2021,UTA,DEN,Defensive Foul,UTA,Challenge,,Won,4,03:43.0,https://dmmx2.nba.com/videourlredirect?&project=/opsrep/trigger16_utaden_1_011721
01/17/2021,UTA,DEN,Defensive Foul,DEN,Challenge,,Lost,4,00:22.9,https://dmmx2.nba.com/videourlredirect?&project=/opsrep/trigger16_utaden_2_011721
01/18/2021,DAL,TOR,Offensive Foul,DAL,Challenge,,Won,1,08:21.0,https://dmmx2.nba.com/videourlredirect?&project=/opsrep/trigger16_daltor_1_011821
01/18/2021,MIL,BKN,Defensive Foul,MIL,Challenge,,Won,4,10:31.0,https://dmmx2.nba.com/videourlredirect?&project=/opsrep/trigger16_milbkn_1_011821
01/18/2021,GSW,LAL,Defensive Foul,GSW,Challenge,,Won,3,11:34.0,https://dmmx2.nba.com/videourlredirect?&project=/opsrep/trigger16_gswlal_1_011821
01/18/2021,GSW,LAL,Defensive Foul,LAL,Challenge,,Lost,3,04:32.0,https://dmmx2.nba.com/videourlredirect?&project=/opsrep/trigger16_gswlal_2_011821
01/20/2021,BKN,CLE,Offensive Foul,BKN,Challenge,,Won,4,00:01.5,https://dmmx2.nba.com/videourlredirect?&project=/opsrep/trigger16_bkncle_1_012021
01/20/2021,BOS,PHI,Defensive Foul,BOS,Challenge,,Lost,4,03:28.0,https://dmmx2.nba.com/videourlredirect?&project=/opsrep/trigger16_bosphi_1_012021
01/20/2021,DET,ATL,Defensive Foul,ATL,Challenge,,Won,4,04:28.0,https://dmmx2.nba.com/videourlredirect?&project=/opsrep/trigger16_detatl_1_012021
01/20/2021,ORL,MIN,Loose Ball Foul,ORL,Challenge,,Won,4,02:14.0,https://dmmx2.nba.com/videourlredirect?&project=/opsrep/trigger16_orlmin_1_012021
01/20/2021,PHX,HOU,Defensive Foul,HOU,Challenge,,Lost,2,08:49.0,https://dmmx2.nba.com/videourlredirect?&project=/opsrep/trigger16_phxhou_1_012021
01/20/2021,PHX,HOU,Defensive Foul,PHX,Challenge,,Won,2,05:25.0,https://dmmx2.nba.com/videourlredirect?&project=/opsrep/trigger16_phxhou_2_012021
01/21/2021,LAL,MIL,Defensive Foul,LAL,Challenge,,Won,4,10:18.0,https://dmmx2.nba.com/videourlredirect?&project=/opsrep/trigger16_lalmil_1_012121
01/21/2021,NOP,UTA,Defensive Foul,NOP,Challenge,,Lost,3,07:46.0,https://dmmx2.nba.com/videourlredirect?&project=/opsrep/trigger16_noputa_1_012121
01/22/2021,HOU,DET,Defensive Foul,HOU,Challenge,,Lost,4,05:14.0,https://dmmx2.nba.com/videourlredirect?&project=/opsrep/trigger16_houdet_1_012221
01/22/2021,OKC,LAC,Defensive Foul,LAC,Challenge,,Lost,3,09:09.0,https://dmmx2.nba.com/videourlredirect?&project=/opsrep/trigger16_okclac_1_012221
01/22/2021,NYK,SAC,Defensive Foul,NYK,Challenge,,Won,3,02:41.0,https://dmmx2.nba.com/videourlredirect?&project=/opsrep/trigger16_nyksac_1_012221
01/22/2021,DEN,PHX,Defensive Foul,DEN,Challenge,,Won,4,03:59.0,https://dmmx2.nba.com/videourlredirect?&project=/opsrep/trigger16_denphx_1_012221
01/22/2021,DEN,PHX,Defensive Foul,PHX,Challenge,,Won,4,03:22.0,https://dmmx2.nba.com/videourlredirect?&project=/opsrep/trigger16_denphx_2_012221
01/22/2021,NYK,SAC,Defensive Foul,SAC,Challenge,,Lost,4,00:55.2,https://dmmx2.nba.com/videourlredirect?&project=/opsrep/trigger16_nyksac_2_012221
01/23/2021,MIA,BKN,Defensive Foul,BKN,Challenge,,Won,2,06:25.0,https://dmmx2.nba.com/videourlredirect?&project=/opsrep/trigger16_miabkn_1_012321
01/23/2021,DEN,PHX,Offensive Foul,DEN,Challenge,,Lost,2,05:30.0,https://dmmx2.nba.com/videourlredirect?&project=/opsrep/trigger16_denphx_1_012321
01/23/2021,LAL,CHI,Defensive Foul,LAL,Challenge,,Won,2,03:46.0,https://dmmx2.nba.com/videourlredirect?&project=/opsrep/trigger16_lalchi_1_012321
01/23/2021,LAL,CHI,Defensive Foul,CHI,Challenge,,Lost,3,04:21.0,https://dmmx2.nba.com/videourlredirect?&project=/opsrep/trigger16_lalchi_2_012321
01/23/2021,DEN,PHX,Defensive Foul,PHX,Challenge,,Won,4,08:16.0,https://dmmx2.nba.com/videourlredirect?&project=/opsrep/trigger16_denphx_2_012321
01/23/2021,GSW,UTA,Home Team Ball,GSW,Challenge,,Won,4,09:37.0,https://dmmx2.nba.com/videourlredirect?&project=/opsrep/trigger17_gswuta_1_012321
01/24/2021,TOR,IND,Away Team Ball,IND,Challenge,,Won,2,07:38.0,https://dmmx2.nba.com/videourlredirect?&project=/opsrep/trigger17_torind_1_012421
01/24/2021,OKC,LAC,Defensive Foul,OKC,Challenge,,Lost,4,11:01.0,https://dmmx2.nba.com/videourlredirect?&project=/opsrep/trigger16_okclac_1_012421
01/24/2021,CLE,BOS,Defensive Foul,BOS,Challenge,,Lost,3,11:20.0,https://dmmx2.nba.com/videourlredirect?&project=/opsrep/trigger16_clebos_1_012421
01/24/2021,ATL,MIL,Offensive Foul,MIL,Challenge,,Won,4,07:57.0,https://dmmx2.nba.com/videourlredirect?&project=/opsrep/trigger16_atlmil_1_012421
01/24/2021,NYK,POR,Defensive Foul,POR,Challenge,,Lost,4,01:33.0,https://dmmx2.nba.com/videourlredirect?&project=/opsrep/trigger16_nykpor_1_012421
01/25/2021,TOR,IND,Away Team Ball,IND,Challenge,,Won,3,10:32.0,https://dmmx2.nba.com/videourlredirect?&project=/opsrep/trigger17_torind_1_012521
01/25/2021,CHA,ORL,Defensive Foul,ORL,Challenge,,Lost,4,01:46.0,https://dmmx2.nba.com/videourlredirect?&project=/opsrep/trigger16_chaorl_1_012521
01/25/2021,TOR,IND,Defensive Foul,TOR,Challenge,,Lost,4,03:03.0,https://dmmx2.nba.com/videourlredirect?&project=/opsrep/trigger16_torind_1_012521
01/25/2021,LAL,CLE,Defensive Foul,CLE,Challenge,,Lost,3,07:02.0,https://dmmx2.nba.com/videourlredirect?&project=/opsrep/trigger16_lalcle_1_012521
01/25/2021,LAL,CLE,Goaltending,LAL,Challenge,,Won,4,09:26.0,https://dmmx2.nba.com/videourlredirect?&project=/opsrep/trigger18_lalcle_1_012521
01/25/2021,BOS,CHI,Offensive Foul,BOS,Challenge,,Lost,3,02:17.0,https://dmmx2.nba.com/videourlredirect?&project=/opsrep/trigger16_boschi_1_012521
01/25/2021,OKC,POR,Defensive Foul,OKC,Challenge,,Won,4,00:20.4,https://dmmx2.nba.com/videourlredirect?&project=/opsrep/trigger16_okcpor_1_012521
01/26/2021,WAS,HOU,Offensive Foul,HOU,Challenge,,Won,4,06:26.0,https://dmmx2.nba.com/videourlredirect?&project=/opsrep/trigger16_washou_1_012621
01/27/2021,SAC,ORL,Defensive Foul,ORL,Challenge,,Lost,1,03:15.0,https://dmmx2.nba.com/videourlredirect?&project=/opsrep/trigger16_sacorl_1_012721
01/27/2021,SAC,ORL,Defensive Foul,SAC,Challenge,,Lost,4,09:10.0,https://dmmx2.nba.com/videourlredirect?&project=/opsrep/trigger16_sacorl_2_012721
01/27/2021,BKN,ATL,Defensive Foul,ATL,Challenge,,Lost,4,10:51.0,https://dmmx2.nba.com/videourlredirect?&project=/opsrep/trigger16_bknatl_1_012721
01/27/2021,MIL,TOR,Offensive Foul,MIL,Challenge,,Won,4,04:48.0,https://dmmx2.nba.com/videourlredirect?&project=/opsrep/trigger16_miltor_1_012721
01/27/2021,DAL,UTA,Defensive Foul,DAL,Challenge,,Lost,3,09:27.0,https://dmmx2.nba.com/videourlredirect?&project=/opsrep/trigger16_daluta_1_012721
01/27/2021,MIN,GSW,Defensive Foul,MIN,Challenge,,Lost,4,01:01.0,
01/28/2021,GSW,PHX,Defensive Foul,GSW,Challenge,,Lost,3,07:53.0,https://dmmx2.nba.com/videourlredirect?&project=/opsrep/trigger16_gswphx_1_012821
01/28/2021,GSW,PHX,Defensive Foul,PHX,Challenge,,Lost,3,03:56.0,https://dmmx2.nba.com/videourlredirect?&project=/opsrep/trigger16_gswphx_2_012821
01/29/2021,IND,CHA,Defensive Foul,CHA,Challenge,,Won,3,07:33.0,https://dmmx2.nba.com/videourlredirect?&project=/opsrep/trigger16_indcha_1_012921
01/29/2021,ATL,WAS,Loose Ball Foul,ATL,Challenge,,Lost,4,05:08.0,https://dmmx2.nba.com/videourlredirect?&project=/opsrep/trigger16_atlwas_1_012921
01/29/2021,CLE,NYK,Defensive Foul,CLE,Challenge,,Won,4,10:14.0,https://dmmx2.nba.com/videourlredirect?&project=/opsrep/trigger16_clenyk_1_012921
01/29/2021,CLE,NYK,Defensive Foul,NYK,Challenge,,Lost,4,03:08.0,https://dmmx2.nba.com/videourlredirect?&project=/opsrep/trigger16_clenyk_2_012921
01/29/2021,DAL,UTA,Offensive Foul,UTA,Challenge,,Lost,2,04:16.0,https://dmmx2.nba.com/videourlredirect?&project=/opsrep/trigger16_daluta_1_012921
01/30/2021,SAC,MIA,Defensive Foul,SAC,Challenge,,Lost,2,00:05.5,https://dmmx2.nba.com/videourlredirect?&project=/opsrep/trigger16_sacmia_1_013021
01/30/2021,POR,CHI,Offensive Foul,POR,Challenge,,Lost,4,03:56.0,https://dmmx2.nba.com/videourlredirect?&project=/opsrep/trigger16_porchi_1_013021
01/30/2021,MIL,CHA,Offensive Foul,MIL,Challenge,,Won,4,06:26.0,https://dmmx2.nba.com/videourlredirect?&project=/opsrep/trigger16_milcha_1_013021
01/30/2021,DET,GSW,Defensive Foul,GSW,Challenge,,Lost,3,06:07.0,https://dmmx2.nba.com/videourlredirect?&project=/opsrep/trigger16_detgsw_1_013021
01/31/2021,LAC,NYK,Defensive Foul,LAC,Challenge,,Won,4,04:44.0,https://dmmx2.nba.com/videourlredirect?&project=/opsrep/trigger16_lacnyk_1_013121
01/31/2021,UTA,DEN,Defensive Foul,DEN,Challenge,,Lost,2,09:52.0,https://dmmx2.nba.com/videourlredirect?&project=/opsrep/trigger16_utaden_1_013121
01/31/2021,PHI,IND,Defensive Foul,IND,Challenge,,Won,3,00:54.6,https://dmmx2.nba.com/videourlredirect?&project=/opsrep/trigger16_phiind_1_013121
01/31/2021,BKN,WAS,Defensive Foul,BKN,Challenge,,Lost,4,08:23.0,https://dmmx2.nba.com/videourlredirect?&project=/opsrep/trigger16_bknwas_1_013121
02/01/2021,LAL,ATL,Away Team Ball,ATL,Challenge,,Lost,4,04:03.0,https://dmmx2.nba.com/videourlredirect?&project=/opsrep/trigger17_lalatl_1_020121
02/01/2021,HOU,OKC,Personal Foul,OKC,Challenge,,Lost,4,08:51.0,https://dmmx2.nba.com/videourlredirect?&project=/opsrep/trigger16_houokc_1_020121
02/01/2021,MIN,CLE,Away Team Ball,CLE,Challenge,,Lost,4,11:08.0,https://dmmx2.nba.com/videourlredirect?&project=/opsrep/trigger17_mincle_1_020121
02/01/2021,SAC,NOP,Personal Foul,NOP,Challenge,,Lost,4,09:26.0,https://dmmx2.nba.com/videourlredirect?&project=/opsrep/trigger16_sacnop_1_020121
02/01/2021,SAC,NOP,Offensive Foul,SAC,Challenge,,Lost,4,05:57.0,https://dmmx2.nba.com/videourlredirect?&project=/opsrep/trigger16_sacnop_2_020121
02/01/2021,PHX,DAL,Away Team Ball,DAL,Challenge,,Lost,4,03:14.0,https://dmmx2.nba.com/videourlredirect?&project=/opsrep/trigger17_phxdal_1_020121
02/02/2021,TOR,ORL,Personal Foul,TOR,Challenge,,Lost,4,08:25.0,https://dmmx2.nba.com/videourlredirect?&project=/opsrep/trigger16_tororl_1_020221
02/02/2021,LAC,BKN,Shooting Foul,LAC,Challenge,,Lost,4,02:36.0,https://dmmx2.nba.com/videourlredirect?&project=/opsrep/trigger16_lacbkn_1_020221
02/02/2021,DET,UTA,Home Team Ball,DET,Challenge,,Won,4,07:40.0,https://dmmx2.nba.com/videourlredirect?&project=/opsrep/trigger17_detuta_1_020221
02/03/2021,DAL,ATL,Personal Foul,ATL,Challenge,,Won,3,02:28.0,https://dmmx2.nba.com/videourlredirect?&project=/opsrep/trigger16_dalatl_1_020321
02/03/2021,MIN,SAS,Personal Foul,MIN,Challenge,,Won,3,11:15.0,https://dmmx2.nba.com/videourlredirect?&project=/opsrep/trigger16_minsas_1_020321
02/03/2021,LAC,CLE,Personal Foul,CLE,Challenge,,Lost,4,06:12.0,https://dmmx2.nba.com/videourlredirect?&project=/opsrep/trigger16_laccle_1_020321
02/04/2021,GSW,DAL,Shooting Foul,GSW,Challenge,,Lost,3,00:00.6,https://dmmx2.nba.com/videourlredirect?&project=/opsrep/trigger16_gswdal_1_020421
02/04/2021,HOU,MEM,Personal Foul,HOU,Challenge,,Won,2,05:37.0,https://dmmx2.nba.com/videourlredirect?&project=/opsrep/trigger16_houmem_1_020421
02/04/2021,HOU,MEM,Personal Foul,MEM,Challenge,,Lost,3,07:08.0,https://dmmx2.nba.com/videourlredirect?&project=/opsrep/trigger16_houmem_2_020421
02/05/2021,UTA,CHA,Defensive Foul,UTA,Challenge,,Lost,1,01:06.0,https://dmmx2.nba.com/videourlredirect?&project=/opsrep/trigger16_utacha_1_020521
02/05/2021,WAS,MIA,Defensive Foul,MIA,Challenge,,Won,2,09:11.0,https://dmmx2.nba.com/videourlredirect?&project=/opsrep/trigger16_wasmia_1_020521
02/05/2021,CHI,ORL,Defensive Foul,CHI,Challenge,,Lost,4,08:33.0,
02/05/2021,DET,PHX,Offensive Foul,PHX,Challenge,,Lost,4,03:47.0,https://dmmx2.nba.com/videourlredirect?&project=/opsrep/trigger16_detphx_2_020521
02/05/2021,MIL,CLE,Defensive Foul,CLE,Challenge,,Won,2,11:44.0,
02/05/2021,TOR,BKN,Defensive Foul,BKN,Challenge,,Won,3,09:06.0,
02/05/2021,TOR,BKN,Defensive Foul,TOR,Challenge,,Won,4,02:26.0,
02/05/2021,DET,PHX,Defensive Foul,DET,Challenge,,Won,3,02:10.0,
02/05/2021,BOS,LAC,Defensive Foul,LAC,Challenge,,Lost,4,02:26.0,https://dmmx2.nba.com/videourlredirect?&project=/opsrep/trigger16_boslac_1_020521
02/06/2021,DEN,SAC,Shooting Foul,SAC,Challenge,,Lost,3,04:55.0,https://dmmx2.nba.com/videourlredirect?&project=/opsrep/trigger16_densac_1_020621
02/06/2021,CHI,ORL,Personal Foul,ORL,Challenge,,Won,1,04:36.0,https://dmmx2.nba.com/videourlredirect?&project=/opsrep/trigger16_chiorl_1_020621
02/06/2021,GSW,DAL,Away Team Ball,DAL,Challenge,,Won,2,02:42.0,https://dmmx2.nba.com/videourlredirect?&project=/opsrep/trigger17_gswdal_1_020621
02/06/2021,MIN,OKC,Away Team Ball,OKC,Challenge,,Won,3,00:50.5,https://dmmx2.nba.com/videourlredirect?&project=/opsrep/trigger17_minokc_1_020621
02/06/2021,SAS,HOU,Offensive Foul,HOU,Challenge,,Lost,4,10:09.0,https://dmmx2.nba.com/videourlredirect?&project=/opsrep/trigger16_sashou_1_020621
02/06/2021,TOR,ATL,Offensive Foul,ATL,Challenge,,Lost,4,09:33.0,https://dmmx2.nba.com/videourlredirect?&project=/opsrep/trigger16_toratl_1_020621
02/06/2021,BKN,PHI,Offensive Foul,PHI,Challenge,,Lost,4,04:22.0,https://dmmx2.nba.com/videourlredirect?&project=/opsrep/trigger16_bknphi_1_020621
02/06/2021,MEM,NOP,Loose Ball Foul,NOP,Challenge,,Lost,3,07:24.0,https://dmmx2.nba.com/videourlredirect?&project=/opsrep/trigger16_memnop_1_020621
02/06/2021,GSW,DAL,Loose Ball Foul,GSW,Challenge,,Won,4,00:33.5,https://dmmx2.nba.com/videourlredirect?&project=/opsrep/trigger16_gswdal_1_020621
02/06/2021,DET,LAL,Personal Foul,LAL,Challenge,,Won,2,01:06.0,https://dmmx2.nba.com/videourlredirect?&project=/opsrep/trigger16_detlal_1_020621
02/06/2021,DET,LAL,Shooting Foul,DET,Challenge,,Won,5,01:06.0,https://dmmx2.nba.com/videourlredirect?&project=/opsrep/trigger16_detlal_2_020621
02/07/2021,BOS,PHX,Personal Foul,PHX,Challenge,,Lost,4,01:37.0,https://dmmx2.nba.com/videourlredirect?&project=/opsrep/trigger16_bosphx_1_020721
02/08/2021,WAS,CHI,Offensive Foul,WAS,Challenge,,Won,2,10:19.0,https://dmmx2.nba.com/videourlredirect?&project=/opsrep/trigger16_waschi_1_020821
02/08/2021,HOU,CHA,Personal Foul,CHA,Challenge,,Won,4,02:13.0,https://dmmx2.nba.com/videourlredirect?&project=/opsrep/trigger16_houcha_3_020821
02/08/2021,TOR,MEM,Personal Foul,MEM,Challenge,,Won,4,05:51.0,https://dmmx2.nba.com/videourlredirect?&project=/opsrep/trigger16_tormem_1_020821
02/08/2021,GSW,SAS,Offensive Foul,GSW,Challenge,,Won,4,02:09.0,https://dmmx2.nba.com/videourlredirect?&project=/opsrep/trigger16_gswsas_1_020821
02/08/2021,MIN,DAL,Offensive Foul,MIN,Challenge,,Won,4,04:25.0,https://dmmx2.nba.com/videourlredirect?&project=/opsrep/trigger16_mindal_1_020821
02/08/2021,OKC,LAL,Personal Foul,LAL,Challenge,,Won,4,00:08.9,https://dmmx2.nba.com/videourlredirect?&project=/opsrep/trigger16_okclal_1_020821
02/08/2021,OKC,LAL,Offensive Foul,OKC,Challenge,,Lost,5,00:34.5,https://dmmx2.nba.com/videourlredirect?&project=/opsrep/trigger16_okclal_2_020821
02/09/2021,NYK,MIA,Personal Foul,NYK,Challenge,,Won,3,00:13.6,https://dmmx2.nba.com/videourlredirect?&project=/opsrep/trigger16_nykmia_1_020921
02/09/2021,HOU,NOP,Offensive Foul,HOU,Challenge,,Won,4,08:31.0,https://dmmx2.nba.com/videourlredirect?&project=/opsrep/trigger16_hounop_1_020921
02/09/2021,HOU,NOP,Away Team Ball,NOP,Challenge,,Lost,4,04:03.0,https://dmmx2.nba.com/videourlredirect?&project=/opsrep/trigger17_hounop_1_020921
02/09/2021,GSW,SAS,Shooting Foul,SAS,Challenge,,Lost,4,09:59.0,https://dmmx2.nba.com/videourlredirect?&project=/opsrep/trigger16_gswsas_1_020921
02/09/2021,BOS,UTA,Shooting Foul,UTA,Challenge,,Lost,3,10:18.0,https://dmmx2.nba.com/videourlredirect?&project=/opsrep/trigger16_bosuta_1_020921
02/09/2021,PHI,SAC,Personal Foul,SAC,Challenge,,Lost,4,04:38.0,https://dmmx2.nba.com/videourlredirect?&project=/opsrep/trigger16_phisac_1_020921
02/10/2021,TOR,WAS,Personal Foul,TOR,Challenge,,Won,4,04:54.0,https://dmmx2.nba.com/videourlredirect?&project=/opsrep/trigger16_torwas_1_021021
02/10/2021,NOP,CHI,Personal Foul,CHI,Challenge,,Lost,4,06:05.0,https://dmmx2.nba.com/videourlredirect?&project=/opsrep/trigger16_nopchi_1_021021
02/11/2021,TOR,BOS,Personal Foul,TOR,Challenge,,Lost,4,08:34.0,https://dmmx2.nba.com/videourlredirect?&project=/opsrep/trigger16_torbos_1_021121
02/11/2021,IND,DET,Personal Foul,DET,Challenge,,Lost,4,08:43.0,https://dmmx2.nba.com/videourlredirect?&project=/opsrep/trigger16_inddet_1_021121
02/11/2021,IND,DET,Personal Foul,IND,Challenge,,Lost,4,06:06.0,https://dmmx2.nba.com/videourlredirect?&project=/opsrep/trigger16_inddet_2_021121
02/11/2021,MIA,HOU,Offensive Foul,MIA,Challenge,,Lost,4,01:05.0,https://dmmx2.nba.com/videourlredirect?&project=/opsrep/trigger16_miahou_1_021121
02/12/2021,MIN,CHA,Personal Foul,CHA,Challenge,,Won,2,05:50.0,https://dmmx2.nba.com/videourlredirect?&project=/opsrep/trigger16_mincha_1_021221
02/12/2021,NYK,WAS,Home Team Ball,NYK,Challenge,,Won,3,01:40.0,https://dmmx2.nba.com/videourlredirect?&project=/opsrep/trigger17_nykwas_1_021221
02/12/2021,DET,BOS,Personal Foul,DET,Challenge,,Lost,3,10:51.0,https://dmmx2.nba.com/videourlredirect?&project=/opsrep/trigger16_detbos_1_021221
02/12/2021,OKC,DEN,Offensive Foul,OKC,Challenge,,Lost,1,03:59.0,https://dmmx2.nba.com/videourlredirect?&project=/opsrep/trigger16_okcden_1_021221
02/12/2021,DET,BOS,Personal Foul,BOS,Challenge,,Lost,4,00:16.7,https://dmmx2.nba.com/videourlredirect?&project=/opsrep/trigger16_detbos_2_021221
02/12/2021,OKC,DEN,Loose Ball Foul,DEN,Challenge,,Won,4,11:21.0,https://dmmx2.nba.com/videourlredirect?&project=/opsrep/trigger16_okcden_2_021221
02/12/2021,ORL,SAC,Personal Foul,ORL,Challenge,,Lost,3,09:05.0,https://dmmx2.nba.com/videourlredirect?&project=/opsrep/trigger16_orlsac_1_021221
02/12/2021,MEM,LAL,Personal Foul,LAL,Challenge,,Won,4,05:51.0,https://dmmx2.nba.com/videourlredirect?&project=/opsrep/trigger16_memlal_1_021221
02/13/2021,PHI,PHX,Personal Foul,PHI,Challenge,,Lost,4,07:56.0,https://dmmx2.nba.com/videourlredirect?&project=/opsrep/trigger16_phiphx_1_021321
02/13/2021,IND,ATL,Personal Foul,ATL,Challenge,,Lost,3,05:55.0,https://dmmx2.nba.com/videourlredirect?&project=/opsrep/trigger16_indatl_1_021321
02/13/2021,HOU,NYK,Offensive Foul,NYK,Challenge,,Won,4,03:49.0,https://dmmx2.nba.com/videourlredirect?&project=/opsrep/trigger16_hounyk_1_021321
02/14/2021,BOS,WAS,Personal Foul,BOS,Challenge,,Lost,4,11:24.0,https://dmmx2.nba.com/videourlredirect?&project=/opsrep/trigger16_boswas_1_021421
02/14/2021,SAS,CHA,Goaltending,SAS,Challenge,,Lost,3,00:33.9,https://dmmx2.nba.com/videourlredirect?&project=/opsrep/trigger18_sascha_1_021421
02/14/2021,MIN,TOR,Personal Foul,MIN,Challenge,,Lost,4,06:22.0,https://dmmx2.nba.com/videourlredirect?&project=/opsrep/trigger16_mintor_1_021421
02/14/2021,NOP,DET,Personal Foul,DET,Challenge,,Lost,4,01:29.0,https://dmmx2.nba.com/videourlredirect?&project=/opsrep/trigger16_nopdet_1_021421
02/14/2021,MIL,OKC,Offensive Foul,MIL,Challenge,,Lost,3,06:45.0,https://dmmx2.nba.com/videourlredirect?&project=/opsrep/trigger16_milokc_1_021421
02/14/2021,POR,DAL,Personal Foul,POR,Challenge,,Lost,4,01:22.0,https://dmmx2.nba.com/videourlredirect?&project=/opsrep/trigger16_pordal_1_021421
02/14/2021,MEM,SAC,Personal Foul,MEM,Challenge,,Won,4,09:39.0,https://dmmx2.nba.com/videourlredirect?&project=/opsrep/trigger16_memsac_1_021421
02/15/2021,CHI,IND,Personal Foul,IND,Challenge,,Won,4,06:50.0,https://dmmx2.nba.com/videourlredirect?&project=/opsrep/trigger16_chiind_1_021521
02/15/2021,HOU,WAS,Personal Foul,HOU,Challenge,,Won,4,07:28.0,https://dmmx2.nba.com/videourlredirect?&project=/opsrep/trigger16_houwas_1_021521
02/15/2021,ATL,NYK,Defensive Foul,ATL,Challenge,,Lost,4,09:16.0,https://dmmx2.nba.com/videourlredirect?&project=/opsrep/trigger16_atlnyk_1_021521
02/15/2021,CLE,GSW,Personal Foul,GSW,Challenge,,Won,3,11:28.0,https://dmmx2.nba.com/videourlredirect?&project=/opsrep/trigger16_clegsw_1_021521
02/15/2021,MIA,LAC,Away Team Ball,LAC,Challenge,,Won,4,09:43.0,https://dmmx2.nba.com/videourlredirect?&project=/opsrep/trigger17_mialac_1_021521
02/16/2021,POR,OKC,Defensive Foul,OKC,Challenge,,Lost,3,06:46.0,https://dmmx2.nba.com/videourlredirect?&project=/opsrep/trigger16_porokc_1_021621
02/16/2021,TOR,MIL,Defensive Foul,TOR,Challenge,,Won,4,02:54.0,https://dmmx2.nba.com/videourlredirect?&project=/opsrep/trigger16_tormil_1_021621
02/16/2021,BKN,PHX,Defensive Foul,BKN,Challenge,,Won,4,01:18.0,https://dmmx2.nba.com/videourlredirect?&project=/opsrep/trigger16_bknphx_2_021621
02/17/2021,NYK,ORL,Defensive Foul,ORL,Challenge,,Won,2,03:03.0,https://dmmx2.nba.com/videourlredirect?&project=/opsrep/trigger16_nykorl_1_021721
02/17/2021,IND,MIN,Defensive Foul,IND,Challenge,,Lost,2,03:52.0,https://dmmx2.nba.com/videourlredirect?&project=/opsrep/trigger16_indmin_1_021721
02/17/2021,NYK,ORL,Home Team Ball,NYK,Challenge,,Won,4,04:31.0,https://dmmx2.nba.com/videourlredirect?&project=/opsrep/trigger17_nykorl_1_021721
02/17/2021,DEN,WAS,Defensive Foul,DEN,Challenge,,Won,3,07:04.0,
02/17/2021,HOU,PHI,Defensive Foul,PHI,Challenge,,Won,4,07:03.0,https://dmmx2.nba.com/videourlredirect?&project=/opsrep/trigger16_houphi_1_021721
02/17/2021,DET,CHI,Home Team Ball,DET,Challenge,,Lost,4,09:14.0,https://dmmx2.nba.com/videourlredirect?&project=/opsrep/trigger17_detchi_1_021721
02/17/2021,OKC,MEM,Defensive Foul,OKC,Challenge,,Won,2,05:03.0,https://dmmx2.nba.com/videourlredirect?&project=/opsrep/trigger16_okcmem_1_021721
02/17/2021,HOU,PHI,Defensive Foul,HOU,Challenge,,Won,4,00:22.9,https://dmmx2.nba.com/videourlredirect?&project=/opsrep/trigger16_houphi_2_021721
02/17/2021,OKC,MEM,Defensive Foul,MEM,Challenge,,Lost,3,05:54.0,https://dmmx2.nba.com/videourlredirect?&project=/opsrep/trigger16_okcmem_2_021721
02/17/2021,POR,NOP,Defensive Foul,POR,Challenge,,Lost,3,04:31.0,https://dmmx2.nba.com/videourlredirect?&project=/opsrep/trigger16_pornop_2_021721
02/17/2021,MIA,GSW,Defensive Foul,GSW,Challenge,,Won,4,04:59.0,https://dmmx2.nba.com/videourlredirect?&project=/opsrep/trigger16_miagsw_1_021721
02/17/2021,MIA,GSW,Defensive Foul,MIA,Challenge,,Won,5,04:26.0,https://dmmx2.nba.com/videourlredirect?&project=/opsrep/trigger16_miagsw_2_021721
02/18/2021,TOR,MIL,Away Team Ball,MIL,Challenge,,Won,4,04:25.0,https://dmmx2.nba.com/videourlredirect?&project=/opsrep/trigger17_tormil_1_021821
02/18/2021,TOR,MIL,Defensive Foul,TOR,Challenge,,Won,4,02:35.0,
02/18/2021,MIA,SAC,Offensive Foul,MIA,Challenge,,Lost,4,08:45.0,https://dmmx2.nba.com/videourlredirect?&project=/opsrep/trigger16_miasac_1_021821
02/19/2021,GSW,ORL,Defensive Foul,ORL,Challenge,,Won,2,01:35.0,
02/19/2021,PHX,NOP,Defensive Foul,NOP,Challenge,,Won,1,03:17.0,
02/19/2021,UTA,LAC,Defensive Foul,UTA,Challenge,,Won,3,08:16.0,https://dmmx2.nba.com/videourlredirect?&project=/opsrep/trigger16_utalac_1_021921
02/19/2021,UTA,LAC,Defensive Foul,LAC,Challenge,,Lost,4,06:43.0,https://dmmx2.nba.com/videourlredirect?&project=/opsrep/trigger16_utalac_2_021921
02/20/2021,SAC,CHI,Offensive Foul,CHI,Challenge,,Lost,4,05:35.0,https://dmmx2.nba.com/videourlredirect?&project=/opsrep/trigger16_sacchi_1_022021
02/20/2021,WAS,POR,Away Team Ball,POR,Challenge,,Won,4,03:38.0,https://dmmx2.nba.com/videourlredirect?&project=/opsrep/trigger17_waspor_1_022021
02/21/2021,BOS,NOP,Goaltending,BOS,Challenge,,Won,2,06:03.0,https://dmmx2.nba.com/videourlredirect?&project=/opsrep/trigger18_bosnop_1_022121
02/21/2021,BOS,NOP,Defensive Foul,NOP,Challenge,,Won,5,02:21.0,https://dmmx2.nba.com/videourlredirect?&project=/opsrep/trigger16_bosnop_1_022121
02/21/2021,MIN,NYK,Defensive Foul,NYK,Challenge,,Won,1,06:11.0,https://dmmx2.nba.com/videourlredirect?&project=/opsrep/trigger16_minnyk_1_022121
02/21/2021,DET,ORL,Offensive Foul,ORL,Challenge,,Won,1,04:37.0,https://dmmx2.nba.com/videourlredirect?&project=/opsrep/trigger16_detorl_1_022121
02/21/2021,DET,ORL,Home Team Ball,DET,Challenge,,Lost,2,03:49.0,https://dmmx2.nba.com/videourlredirect?&project=/opsrep/trigger17_detorl_1_022121
02/21/2021,OKC,CLE,Defensive Foul,CLE,Challenge,,Lost,2,00:36.9,https://dmmx2.nba.com/videourlredirect?&project=/opsrep/trigger16_okccle_1_022121
02/21/2021,SAC,MIL,Offensive Foul,MIL,Challenge,,Won,2,06:42.0,https://dmmx2.nba.com/videourlredirect?&project=/opsrep/trigger16_sacmil_1_022121
02/21/2021,BKN,LAC,Offensive Foul,LAC,Challenge,,Lost,4,02:50.0,https://dmmx2.nba.com/videourlredirect?&project=/opsrep/trigger16_bknlac_1_022121
02/21/2021,SAC,MIL,Defensive Foul,SAC,Challenge,,Lost,4,10:13.0,https://dmmx2.nba.com/videourlredirect?&project=/opsrep/trigger16_sacmil_2_022121
02/22/2021,MIA,OKC,Defensive Foul,OKC,Challenge,,Lost,4,10:19.0,https://dmmx2.nba.com/videourlredirect?&project=/opsrep/trigger16_miaokc_1_022221
02/22/2021,CHA,UTA,Defensive Foul,UTA,Challenge,,Won,4,08:17.0,https://dmmx2.nba.com/videourlredirect?&project=/opsrep/trigger16_chauta_1_022221
02/22/2021,WAS,LAL,Defensive Foul,LAL,Challenge,,Lost,5,00:14.7,https://dmmx2.nba.com/videourlredirect?&project=/opsrep/trigger16_waslal_1_022221
02/23/2021,ATL,CLE,Away Team Ball,CLE,Challenge,,Won,2,08:38.0,https://dmmx2.nba.com/videourlredirect?&project=/opsrep/trigger17_atlcle_1_022321
02/23/2021,ATL,CLE,Defensive Foul,ATL,Challenge,,Lost,4,01:51.0,https://dmmx2.nba.com/videourlredirect?&project=/opsrep/trigger16_atlcle_1_022321
02/23/2021,GSW,NYK,Home Team Ball,GSW,Challenge,,Won,4,05:11.0,https://dmmx2.nba.com/videourlredirect?&project=/opsrep/trigger17_gswnyk_1_022321
02/23/2021,GSW,NYK,Defensive Foul,NYK,Challenge,,Lost,4,01:00.0,https://dmmx2.nba.com/videourlredirect?&project=/opsrep/trigger16_gswnyk_1_022321
02/23/2021,WAS,LAC,Away Team Ball,LAC,Challenge,,Won,2,03:25.0,https://dmmx2.nba.com/videourlredirect?&project=/opsrep/trigger17_waslac_1_022321
02/23/2021,POR,DEN,Defensive Foul,DEN,Challenge,,Won,2,01:17.0,
02/24/2021,HOU,CLE,Defensive Foul,HOU,Challenge,,Won,2,04:10.0,
02/24/2021,TOR,MIA,Defensive Foul,TOR,Challenge,,Lost,2,05:45.0,https://dmmx2.nba.com/videourlredirect?&project=/opsrep/trigger16_tormia_1_022421
02/24/2021,TOR,MIA,Defensive Foul,MIA,Challenge,,Won,2,01:19.0,https://dmmx2.nba.com/videourlredirect?&project=/opsrep/trigger16_tormia_2_022421
02/24/2021,GSW,IND,Offensive Foul,GSW,Challenge,,Lost,4,00:20.7,https://dmmx2.nba.com/videourlredirect?&project=/opsrep/trigger16_gswind_1_022421
02/24/2021,CHA,PHX,Offensive Foul,PHX,Challenge,,Won,3,08:55.0,https://dmmx2.nba.com/videourlredirect?&project=/opsrep/trigger16_chaphx_1_022421
02/24/2021,CHA,PHX,Defensive Foul,CHA,Challenge,,Lost,4,00:33.1,https://dmmx2.nba.com/videourlredirect?&project=/opsrep/trigger16_chaphx_2_022421
02/25/2021,DAL,PHI,Defensive Foul,PHI,Challenge,,Won,2,03:15.0,https://dmmx2.nba.com/videourlredirect?&project=/opsrep/trigger16_dalphi_1_022521
02/25/2021,SAC,NYK,Defensive Foul,SAC,Challenge,,Lost,3,09:07.0,https://dmmx2.nba.com/videourlredirect?&project=/opsrep/trigger16_sacnyk_1_022521
02/25/2021,SAC,NYK,Offensive Foul,NYK,Challenge,,Won,4,08:51.0,https://dmmx2.nba.com/videourlredirect?&project=/opsrep/trigger16_sacnyk_2_022521
02/26/2021,IND,BOS,Offensive Foul,IND,Challenge,,Won,1,01:12.0,https://dmmx2.nba.com/videourlredirect?&project=/opsrep/trigger16_indbos_1_022621
02/26/2021,HOU,TOR,Defensive Foul,TOR,Challenge,,Won,2,03:45.0,https://dmmx2.nba.com/videourlredirect?&project=/opsrep/trigger16_houtor_1_022621
02/26/2021,IND,BOS,Defensive Foul,BOS,Challenge,,Won,4,09:35.0,https://dmmx2.nba.com/videourlredirect?&project=/opsrep/trigger16_indbos_2_022621
02/26/2021,LAC,MEM,Defensive Foul,LAC,Challenge,,Won,4,07:42.0,https://dmmx2.nba.com/videourlredirect?&project=/opsrep/trigger16_lacmem_1_022621
02/26/2021,SAC,DET,Defensive Foul,SAC,Challenge,,Lost,4,05:15.0,https://dmmx2.nba.com/videourlredirect?&project=/opsrep/trigger16_sacdet_1_022621
02/26/2021,SAC,DET,Defensive Foul,DET,Challenge,,Won,4,00:12.9,https://dmmx2.nba.com/videourlredirect?&project=/opsrep/trigger16_sacdet_2_022621
02/27/2021,DEN,OKC,Defensive Foul,DEN,Challenge,,Lost,4,07:35.0,https://dmmx2.nba.com/videourlredirect?&project=/opsrep/trigger16_denokc_1_022721
02/27/2021,UTA,ORL,Defensive Foul,ORL,Challenge,,Lost,4,06:06.0,https://dmmx2.nba.com/videourlredirect?&project=/opsrep/trigger16_utaorl_1_022721
02/27/2021,NOP,SAS,Defensive Foul,NOP,Challenge,,Lost,4,02:41.0,https://dmmx2.nba.com/videourlredirect?&project=/opsrep/trigger16_nopsas_1_022721
02/28/2021,GSW,LAL,Defensive Foul,LAL,Challenge,,Lost,2,03:02.0,https://dmmx2.nba.com/videourlredirect?&project=/opsrep/trigger16_gswlal_1_022821
02/28/2021,NYK,DET,Defensive Foul,NYK,Challenge,,Lost,3,00:37.7,https://dmmx2.nba.com/videourlredirect?&project=/opsrep/trigger16_nykdet_1_022821
02/28/2021,MEM,HOU,Defensive Foul,MEM,Challenge,,Won,3,03:09.0,https://dmmx2.nba.com/videourlredirect?&project=/opsrep/trigger16_memhou_1_022821
02/28/2021,MEM,HOU,Defensive Foul,HOU,Challenge,,Won,3,01:12.0,https://dmmx2.nba.com/videourlredirect?&project=/opsrep/trigger16_memhou_2_022821
02/28/2021,ATL,MIA,Defensive Foul,ATL,Challenge,,Lost,4,08:28.0,https://dmmx2.nba.com/videourlredirect?&project=/opsrep/trigger16_atlmia_1_022821
02/28/2021,PHX,MIN,Home Team Ball,PHX,Challenge,,Lost,3,01:05.0,https://dmmx2.nba.com/videourlredirect?&project=/opsrep/trigger17_phxmin_1_022821
02/28/2021,CHA,SAC,Defensive Foul,SAC,Challenge,,Won,3,00:26.3,https://dmmx2.nba.com/videourlredirect?&project=/opsrep/trigger16_chasac_1_022821
03/01/2021,UTA,NOP,Defensive Foul,UTA,Challenge,,Lost,2,01:28.0,https://dmmx2.nba.com/videourlredirect?&project=/opsrep/trigger16_utanop_1_030121
03/02/2021,NYK,SAS,Defensive Foul,NYK,Challenge,,Won,2,05:42.0,https://dmmx2.nba.com/videourlredirect?&project=/opsrep/trigger16_nyksas_1_030221
03/02/2021,LAC,BOS,Defensive Foul,LAC,Challenge,,Won,4,01:33.0,https://dmmx2.nba.com/videourlredirect?&project=/opsrep/trigger16_lacbos_1_030221
03/02/2021,LAC,BOS,Offensive Foul,BOS,Challenge,,Lost,4,00:27.9,https://dmmx2.nba.com/videourlredirect?&project=/opsrep/trigger16_lacbos_2_030221
03/03/2021,UTA,PHI,Home Team Ball,UTA,Challenge,,Lost,2,02:17.0,https://dmmx2.nba.com/videourlredirect?&project=/opsrep/trigger17_utaphi_1_030321
03/03/2021,IND,CLE,Defensive Foul,IND,Challenge,,Lost,4,00:54.5,https://dmmx2.nba.com/videourlredirect?&project=/opsrep/trigger16_indcle_1_030321
03/03/2021,DET,TOR,Defensive Foul,DET,Challenge,,Lost,4,04:20.0,https://dmmx2.nba.com/videourlredirect?&project=/opsrep/trigger16_dettor_1_030321
03/03/2021,ATL,ORL,Offensive Foul,ORL,Challenge,,Won,4,03:28.0,https://dmmx2.nba.com/videourlredirect?&project=/opsrep/trigger16_atlorl_1_030321
03/03/2021,LAL,SAC,Defensive Foul,SAC,Challenge,,Won,4,04:05.0,https://dmmx2.nba.com/videourlredirect?&project=/opsrep/trigger16_lalsac_1_030321
03/03/2021,GSW,POR,Offensive Foul,GSW,Challenge,,Lost,4,00:04.0,https://dmmx2.nba.com/videourlredirect?&project=/opsrep/trigger16_gswpor_1_030321
03/04/2021,DET,NYK,Defensive Foul,DET,Challenge,,Won,2,10:54.0,https://dmmx2.nba.com/videourlredirect?&project=/opsrep/trigger16_detnyk_1_030421
03/04/2021,LAC,WAS,Offensive Foul,LAC,Challenge,,Lost,3,03:39.0,https://dmmx2.nba.com/videourlredirect?&project=/opsrep/trigger16_lacwas_1_030421
03/04/2021,TOR,BOS,Defensive Foul,TOR,Challenge,,Won,3,03:26.0,https://dmmx2.nba.com/videourlredirect?&project=/opsrep/trigger16_torbos_1_030421
03/04/2021,OKC,SAS,Defensive Foul,OKC,Challenge,,Won,1,01:11.0,https://dmmx2.nba.com/videourlredirect?&project=/opsrep/trigger16_okcsas_1_030421
03/04/2021,MIL,MEM,Defensive Foul,MIL,Challenge,,Lost,4,01:01.0,https://dmmx2.nba.com/videourlredirect?&project=/opsrep/trigger16_milmem_1_030421
03/11/2021,DET,CHA,Defensive Foul,DET,Challenge,,Lost,4,01:14.0,https://dmmx2.nba.com/videourlredirect?&project=/opsrep/trigger16_detcha_1_031121
03/11/2021,ORL,MIA,Offensive Foul,ORL,Challenge,,Won,4,05:41.0,https://dmmx2.nba.com/videourlredirect?&project=/opsrep/trigger16_orlmia_1_031121
03/11/2021,MIN,NOP,Defensive Foul,MIN,Challenge,,Won,4,04:58.0,https://dmmx2.nba.com/videourlredirect?&project=/opsrep/trigger16_minnop_1_031121
03/11/2021,DAL,OKC,Defensive Foul,DAL,Challenge,,Won,4,03:35.0,https://dmmx2.nba.com/videourlredirect?&project=/opsrep/trigger16_dalokc_1_031121
03/11/2021,DAL,OKC,Defensive Foul,OKC,Challenge,,Lost,4,01:58.0,https://dmmx2.nba.com/videourlredirect?&project=/opsrep/trigger16_dalokc_2_031121
03/11/2021,PHX,POR,Defensive Foul,POR,Challenge,,Lost,4,01:11.0,https://dmmx2.nba.com/videourlredirect?&project=/opsrep/trigger16_phxpor_1_031121
03/12/2021,DEN,MEM,Defensive Foul,MEM,Challenge,,Won,3,10:33.0,https://dmmx2.nba.com/videourlredirect?&project=/opsrep/trigger16_denmem_1_031221
03/12/2021,PHI,WAS,Defensive Foul,PHI,Challenge,,Lost,3,07:44.0,https://dmmx2.nba.com/videourlredirect?&project=/opsrep/trigger16_phiwas_1_031221
03/12/2021,HOU,UTA,Defensive Foul,HOU,Challenge,,Lost,4,03:12.0,https://dmmx2.nba.com/videourlredirect?&project=/opsrep/trigger16_houuta_1_031221
03/13/2021,NYK,OKC,Defensive Foul,OKC,Challenge,,Lost,3,00:53.9,https://dmmx2.nba.com/videourlredirect?&project=/opsrep/trigger16_nykokc_1_031321
03/13/2021,TOR,CHA,Loose Ball Foul,TOR,Challenge,,Lost,3,01:31.0,https://dmmx2.nba.com/videourlredirect?&project=/opsrep/trigger16_torcha_1_031321
03/13/2021,POR,MIN,Offensive Foul,MIN,Challenge,,Lost,2,03:03.0,https://dmmx2.nba.com/videourlredirect?&project=/opsrep/trigger16_pormin_1_031321
03/13/2021,POR,MIN,Defensive Foul,POR,Challenge,,Lost,2,02:25.0,https://dmmx2.nba.com/videourlredirect?&project=/opsrep/trigger16_pormin_2_031321
03/13/2021,SAC,ATL,Defensive Foul,SAC,Challenge,,Lost,4,06:23.0,https://dmmx2.nba.com/videourlredirect?&project=/opsrep/trigger16_sacatl_1_031321
03/13/2021,DAL,DEN,Defensive Foul,DEN,Challenge,,Won,4,06:07.0,https://dmmx2.nba.com/videourlredirect?&project=/opsrep/trigger16_dalden_1_031321
03/13/2021,IND,PHX,Defensive Foul,IND,Challenge,,Lost,4,02:53.0,https://dmmx2.nba.com/videourlredirect?&project=/opsrep/trigger16_indphx_1_031321
03/14/2021,UTA,GSW,Defensive Foul,GSW,Challenge,,Won,3,06:36.0,https://dmmx2.nba.com/videourlredirect?&project=/opsrep/trigger16_utagsw_1_031421
03/14/2021,BOS,HOU,Defensive Foul,BOS,Challenge,,Lost,1,02:45.0,https://dmmx2.nba.com/videourlredirect?&project=/opsrep/trigger16_boshou_1_031421
03/14/2021,POR,MIN,Defensive Foul,MIN,Challenge,,Won,4,01:07.0,https://dmmx2.nba.com/videourlredirect?&project=/opsrep/trigger16_pormin_1_031421
03/15/2021,MIL,WAS,Offensive Foul,MIL,Challenge,,Lost,3,01:59.0,https://dmmx2.nba.com/videourlredirect?&project=/opsrep/trigger16_milwas_1_031521
03/15/2021,SAS,DET,Defensive Foul,SAS,Challenge,,Lost,4,10:22.0,https://dmmx2.nba.com/videourlredirect?&project=/opsrep/trigger16_sasdet_1_031521
03/15/2021,NYK,BKN,Defensive Foul,NYK,Challenge,,Won,4,00:07.7,https://dmmx2.nba.com/videourlredirect?&project=/opsrep/trigger16_nykbkn_1_031521
03/15/2021,IND,DEN,Offensive Foul,IND,Challenge,,Won,3,03:56.0,https://dmmx2.nba.com/videourlredirect?&project=/opsrep/trigger16_indden_1_031521
03/16/2021,UTA,BOS,Defensive Foul,BOS,Challenge,,Lost,3,02:35.0,https://dmmx2.nba.com/videourlredirect?&project=/opsrep/trigger16_utabos_1_031621
03/16/2021,OKC,CHI,Defensive Foul,OKC,Challenge,,Won,3,08:56.0,https://dmmx2.nba.com/videourlredirect?&project=/opsrep/trigger16_okcchi_1_031621
03/16/2021,ATL,HOU,Away Team Ball,HOU,Challenge,,Won,3,01:20.0,https://dmmx2.nba.com/videourlredirect?&project=/opsrep/trigger17_atlhou_1_031621
03/16/2021,CLE,MIA,Defensive Foul,CLE,Challenge,,Won,4,10:59.0,https://dmmx2.nba.com/videourlredirect?&project=/opsrep/trigger16_clemia_1_031621
03/16/2021,MIN,LAL,Jump Ball,LAL,Challenge,,Won,4,06:22.0,https://dmmx2.nba.com/videourlredirect?&project=/opsrep/trigger17_minlal_1_031621
03/17/2021,SAC,WAS,Defensive Foul,SAC,Challenge,,Lost,4,10:47.0,https://dmmx2.nba.com/videourlredirect?&project=/opsrep/trigger16_sacwas_1_031721
03/17/2021,TOR,DET,Defensive Foul,DET,Challenge,,Lost,4,09:11.0,https://dmmx2.nba.com/videourlredirect?&project=/opsrep/trigger16_tordet_1_031721
03/17/2021,TOR,DET,Offensive Foul,TOR,Challenge,,Won,4,00:57.8,https://dmmx2.nba.com/videourlredirect?&project=/opsrep/trigger16_tordet_2_031721
03/17/2021,GSW,HOU,Defensive Foul,HOU,Challenge,,Lost,4,07:23.0,https://dmmx2.nba.com/videourlredirect?&project=/opsrep/trigger16_gswhou_1_031721
03/17/2021,LAC,DAL,Defensive Foul,DAL,Challenge,,Lost,3,06:10.0,https://dmmx2.nba.com/videourlredirect?&project=/opsrep/trigger16_lacdal_1_031721
03/17/2021,LAC,DAL,Defensive Foul,LAC,Challenge,,Won,3,00:56.1,https://dmmx2.nba.com/videourlredirect?&project=/opsrep/trigger16_lacdal_2_031721
03/18/2021,OKC,ATL,Away Team Ball,ATL,Challenge,,Won,4,06:31.0,https://dmmx2.nba.com/videourlredirect?&project=/opsrep/trigger17_okcatl_1_031821
03/18/2021,CHA,LAL,Defensive Foul,CHA,Challenge,,Won,2,09:48.0,https://dmmx2.nba.com/videourlredirect?&project=/opsrep/trigger16_chalal_1_031821
03/18/2021,CHA,LAL,Defensive Foul,LAL,Challenge,,Won,2,01:45.0,https://dmmx2.nba.com/videourlredirect?&project=/opsrep/trigger16_chalal_2_031821
03/18/2021,NOP,POR,Defensive Foul,POR,Challenge,,Won,4,10:39.0,https://dmmx2.nba.com/videourlredirect?&project=/opsrep/trigger16_noppor_1_031821
03/18/2021,MIN,PHX,Defensive Foul,PHX,Challenge,,Lost,4,03:15.0,https://dmmx2.nba.com/videourlredirect?&project=/opsrep/trigger16_minphx_1_031821
03/19/2021,SAS,CLE,Defensive Foul,CLE,Challenge,,Lost,1,05:01.0,https://dmmx2.nba.com/videourlredirect?&project=/opsrep/trigger16_sascle_1_031921
03/19/2021,SAC,BOS,Defensive Foul,SAC,Challenge,,Lost,2,01:42.0,https://dmmx2.nba.com/videourlredirect?&project=/opsrep/trigger16_sacbos_1_031921
03/19/2021,BKN,ORL,Defensive Foul,BKN,Challenge,,Lost,3,09:18.0,https://dmmx2.nba.com/videourlredirect?&project=/opsrep/trigger16_bknorl_1_031921
03/19/2021,GSW,MEM,Defensive Foul,GSW,Challenge,,Lost,4,04:49.0,https://dmmx2.nba.com/videourlredirect?&project=/opsrep/trigger16_gswmem_1_031921
03/19/2021,UTA,TOR,Defensive Foul,TOR,Challenge,,Lost,4,01:26.0,https://dmmx2.nba.com/videourlredirect?&project=/opsrep/trigger16_utator_1_031921
03/20/2021,GSW,MEM,Defensive Foul,MEM,Challenge,,Lost,3,08:25.0,https://dmmx2.nba.com/videourlredirect?&project=/opsrep/trigger16_gswmem_1_032021
03/20/2021,CHA,LAC,Defensive Foul,CHA,Challenge,,Won,3,03:47.0,https://dmmx2.nba.com/videourlredirect?&project=/opsrep/trigger16_chalac_1_032021
03/21/2021,IND,MIA,Offensive Foul,MIA,Challenge,,Won,3,09:34.0,https://dmmx2.nba.com/videourlredirect?&project=/opsrep/trigger16_indmia_1_032121
03/21/2021,IND,MIA,Offensive Foul,IND,Challenge,,Lost,3,09:15.0,https://dmmx2.nba.com/videourlredirect?&project=/opsrep/trigger16_indmia_2_032121
03/21/2021,TOR,CLE,Defensive Foul,TOR,Challenge,,Won,4,02:18.0,https://dmmx2.nba.com/videourlredirect?&project=/opsrep/trigger16_torcle_1_032121
03/21/2021,DAL,POR,Offensive Foul,POR,Challenge,,Won,4,05:31.0,https://dmmx2.nba.com/videourlredirect?&project=/opsrep/trigger16_dalpor_1_032121
03/22/2021,CHA,SAS,Defensive Foul,SAS,Challenge,,Won,1,04:53.0,https://dmmx2.nba.com/videourlredirect?&project=/opsrep/trigger16_chasas_1_032221
03/22/2021,CHA,SAS,Defensive Foul,CHA,Challenge,,Won,3,00:39.5,https://dmmx2.nba.com/videourlredirect?&project=/opsrep/trigger16_chasas_2_032221
03/22/2021,BOS,MEM,Defensive Foul,BOS,Challenge,,Lost,4,03:01.0,https://dmmx2.nba.com/videourlredirect?&project=/opsrep/trigger16_bosmem_1_032221
03/22/2021,TOR,HOU,Defensive Foul,HOU,Challenge,,Lost,4,03:58.0,https://dmmx2.nba.com/videourlredirect?&project=/opsrep/trigger16_torhou_1_032221
03/22/2021,TOR,HOU,Offensive Foul,TOR,Challenge,,Lost,4,03:49.0,https://dmmx2.nba.com/videourlredirect?&project=/opsrep/trigger16_torhou_2_032221
03/23/2021,WAS,NYK,Defensive Foul,NYK,Challenge,,Lost,1,04:44.0,https://dmmx2.nba.com/videourlredirect?&project=/opsrep/trigger16_wasnyk_1_032321
03/23/2021,PHX,MIA,Defensive Foul,PHX,Challenge,,Won,2,01:02.0,https://dmmx2.nba.com/videourlredirect?&project=/opsrep/trigger16_phxmia_1_032321
03/23/2021,LAL,NOP,Defensive Foul,LAL,Challenge,,Lost,4,09:30.0,https://dmmx2.nba.com/videourlredirect?&project=/opsrep/trigger16_lalnop_1_032321
03/23/2021,BKN,POR,Defensive Foul,POR,Challenge,,Won,4,00:16.7,
03/24/2021,MEM,OKC,Defensive Foul,OKC,Challenge,,Won,3,10:31.0,https://dmmx2.nba.com/videourlredirect?&project=/opsrep/trigger16_memokc_1_032421
03/24/2021,BOS,MIL,Home Team Ball,BOS,Challenge,,Lost,3,00:11.2,https://dmmx2.nba.com/videourlredirect?&project=/opsrep/trigger17_bosmil_1_032421
03/24/2021,DET,IND,Defensive Foul,IND,Challenge,,Lost,4,00:01.7,https://dmmx2.nba.com/videourlredirect?&project=/opsrep/trigger16_detind_1_032421
03/24/2021,DEN,TOR,Offensive Foul,TOR,Challenge,,Won,4,08:35.0,https://dmmx2.nba.com/videourlredirect?&project=/opsrep/trigger16_dentor_1_032421
03/24/2021,BOS,MIL,Offensive Foul,MIL,Challenge,,Lost,4,01:22.0,https://dmmx2.nba.com/videourlredirect?&project=/opsrep/trigger16_bosmil_1_032421
03/25/2021,WAS,NYK,Defensive Foul,WAS,Challenge,,Lost,4,07:31.0,https://dmmx2.nba.com/videourlredirect?&project=/opsrep/trigger16_wasnyk_1_032521
03/25/2021,LAC,SAS,Defensive Foul,LAC,Challenge,,Lost,3,05:53.0,https://dmmx2.nba.com/videourlredirect?&project=/opsrep/trigger16_lacsas_1_032521
03/25/2021,LAC,SAS,Defensive Foul,SAS,Challenge,,Won,4,03:06.0,https://dmmx2.nba.com/videourlredirect?&project=/opsrep/trigger16_lacsas_2_032521
03/25/2021,GSW,SAC,Defensive Foul,GSW,Challenge,,Won,4,02:29.0,https://dmmx2.nba.com/videourlredirect?&project=/opsrep/trigger16_gswsac_1_032521
03/26/2021,BKN,DET,Defensive Foul,DET,Challenge,,Won,3,05:07.0,https://dmmx2.nba.com/videourlredirect?&project=/opsrep/trigger16_bkndet_1_032621
03/26/2021,DEN,NOP,Defensive Foul,DEN,Challenge,,Won,3,08:55.0,https://dmmx2.nba.com/videourlredirect?&project=/opsrep/trigger16_dennop_1_032621
03/26/2021,BKN,DET,Defensive Foul,BKN,Challenge,,Lost,4,06:15.0,https://dmmx2.nba.com/videourlredirect?&project=/opsrep/trigger16_bkndet_2_032621
03/26/2021,BOS,MIL,Defensive Foul,MIL,Challenge,,Won,4,08:45.0,https://dmmx2.nba.com/videourlredirect?&project=/opsrep/trigger16_bosmil_1_032621
03/26/2021,MIA,CHA,Offensive Foul,MIA,Challenge,,Won,3,01:56.0,https://dmmx2.nba.com/videourlredirect?&project=/opsrep/trigger16_miacha_1_032621
03/26/2021,MEM,UTA,Defensive Foul,MEM,Challenge,,Lost,3,10:11.0,https://dmmx2.nba.com/videourlredirect?&project=/opsrep/trigger16_memuta_1_032621
03/26/2021,IND,DAL,Offensive Foul,IND,Challenge,,Lost,4,06:43.0,https://dmmx2.nba.com/videourlredirect?&project=/opsrep/trigger16_inddal_1_032621
03/27/2021,CHI,SAS,Defensive Foul,SAS,Challenge,,Won,2,07:48.0,https://dmmx2.nba.com/videourlredirect?&project=/opsrep/trigger16_chisas_1_032721
03/27/2021,HOU,MIN,Defensive Foul,HOU,Challenge,,Won,3,07:46.0,https://dmmx2.nba.com/videourlredirect?&project=/opsrep/trigger16_houmin_1_032721
03/27/2021,NYK,MIL,Defensive Foul,MIL,Challenge,,Lost,4,00:08.6,https://dmmx2.nba.com/videourlredirect?&project=/opsrep/trigger16_nykmil_1_032721
03/27/2021,BOS,OKC,Away Team Ball,OKC,Challenge,,Lost,4,05:27.0,https://dmmx2.nba.com/videourlredirect?&project=/opsrep/trigger17_bosokc_1_032721
03/27/2021,BOS,OKC,Defensive Foul,BOS,Challenge,,Lost,4,03:57.0,https://dmmx2.nba.com/videourlredirect?&project=/opsrep/trigger16_bosokc_1_032721
03/27/2021,PHI,LAC,Offensive Foul,LAC,Challenge,,Won,3,05:28.0,https://dmmx2.nba.com/videourlredirect?&project=/opsrep/trigger16_philac_1_032721
03/27/2021,CLE,SAC,Defensive Foul,CLE,Challenge,,Lost,2,02:02.0,https://dmmx2.nba.com/videourlredirect?&project=/opsrep/trigger16_clesac_1_032721
03/27/2021,CLE,SAC,Defensive Foul,SAC,Challenge,,Lost,4,00:53.4,https://dmmx2.nba.com/videourlredirect?&project=/opsrep/trigger16_clesac_2_032721
03/28/2021,POR,TOR,Defensive Foul,POR,Challenge,,Lost,4,03:29.0,https://dmmx2.nba.com/videourlredirect?&project=/opsrep/trigger16_portor_1_032821
03/28/2021,ATL,DEN,Defensive Foul,DEN,Challenge,,Won,2,02:00.0,https://dmmx2.nba.com/videourlredirect?&project=/opsrep/trigger16_atlden_1_032821
03/28/2021,ORL,LAL,Defensive Foul,LAL,Challenge,,Won,2,09:07.0,https://dmmx2.nba.com/videourlredirect?&project=/opsrep/trigger16_orllal_1_032821
03/28/2021,ORL,LAL,Defensive Foul,ORL,Challenge,,Lost,3,01:50.0,https://dmmx2.nba.com/videourlredirect?&project=/opsrep/trigger16_orllal_2_032821
03/29/2021,NOP,BOS,Defensive Foul,NOP,Challenge,,Won,3,11:03.0,https://dmmx2.nba.com/videourlredirect?&project=/opsrep/trigger16_nopbos_1_032921
03/29/2021,IND,WAS,Away Team Ball,IND,Challenge,,Won,4,03:34.0,https://dmmx2.nba.com/videourlredirect?&project=/opsrep/trigger17_indwas_1_032921
03/29/2021,SAC,SAS,Offensive Foul,SAC,Challenge,,Won,2,01:19.0,https://dmmx2.nba.com/videourlredirect?&project=/opsrep/trigger16_sacsas_1_032921
03/29/2021,NOP,BOS,Away Team Possession,BOS,Challenge,,Won,4,03:51.0,https://dmmx2.nba.com/videourlredirect?&project=/opsrep/trigger16_nopbos_2_032921
03/29/2021,DAL,OKC,Offensive Foul,OKC,Challenge,,Lost,4,11:00.0,https://dmmx2.nba.com/videourlredirect?&project=/opsrep/trigger16_dalokc_1_032921
03/29/2021,MEM,HOU,Defensive Foul,MEM,Challenge,,Lost,4,01:37.0,https://dmmx2.nba.com/videourlredirect?&project=/opsrep/trigger16_memhou_1_032921
03/29/2021,TOR,DET,Loose Ball Foul,TOR,Challenge,,Lost,4,03:42.0,https://dmmx2.nba.com/videourlredirect?&project=/opsrep/trigger16_tordet_1_032921
03/29/2021,CLE,UTA,Defensive Foul,UTA,Challenge,,Won,3,08:44.0,https://dmmx2.nba.com/videourlredirect?&project=/opsrep/trigger16_cleuta_1_032921
03/30/2021,CHA,WAS,Defensive Foul,WAS,Challenge,,Won,4,07:30.0,https://dmmx2.nba.com/videourlredirect?&project=/opsrep/trigger16_chawas_1_033021
03/30/2021,PHI,DEN,Defensive Foul,PHI,Challenge,,Won,4,01:15.0,https://dmmx2.nba.com/videourlredirect?&project=/opsrep/trigger16_phiden_1_033021
03/30/2021,ORL,LAC,Defensive Foul,ORL,Challenge,,Lost,4,05:17.0,https://dmmx2.nba.com/videourlredirect?&project=/opsrep/trigger16_orllac_1_033021
03/31/2021,MIA,IND,Offensive Foul,IND,Challenge,,Won,4,06:11.0,https://dmmx2.nba.com/videourlredirect?&project=/opsrep/trigger16_miaind_1_033121
03/31/2021,DAL,BOS,Defensive Foul,BOS,Challenge,,Lost,3,05:12.0,https://dmmx2.nba.com/videourlredirect?&project=/opsrep/trigger16_dalbos_1_033121
03/31/2021,POR,DET,Defensive Foul,DET,Challenge,,Lost,4,03:10.0,https://dmmx2.nba.com/videourlredirect?&project=/opsrep/trigger16_pordet_1_033121
03/31/2021,HOU,BKN,Defensive Foul,HOU,Challenge,,Won,4,03:22.0,https://dmmx2.nba.com/videourlredirect?&project=/opsrep/trigger16_houbkn_1_033121
03/31/2021,MIL,LAL,Defensive Foul,LAL,Challenge,,Won,2,10:30.0,https://dmmx2.nba.com/videourlredirect?&project=/opsrep/trigger16_millal_1_033121
03/31/2021,CHI,PHX,Defensive Foul,PHX,Challenge,,Won,3,08:00.0,https://dmmx2.nba.com/videourlredirect?&project=/opsrep/trigger16_chiphx_1_033121
04/01/2021,WAS,DET,Defensive Foul,DET,Challenge,,Lost,4,01:23.0,https://dmmx2.nba.com/videourlredirect?&project=/opsrep/trigger16_wasdet_1_040121
04/01/2021,ATL,SAS,Home Team Ball,ATL,Challenge,,Won,2,05:21.0,https://dmmx2.nba.com/videourlredirect?&project=/opsrep/trigger17_atlsas_1_040121
04/01/2021,ORL,NOP,Defensive Foul,ORL,Challenge,,Won,4,01:55.0,https://dmmx2.nba.com/videourlredirect?&project=/opsrep/trigger16_orlnop_1_040121
04/01/2021,ORL,NOP,Offensive Foul,NOP,Challenge,,Won,5,03:47.0,https://dmmx2.nba.com/videourlredirect?&project=/opsrep/trigger16_orlnop_2_040121
04/01/2021,ATL,SAS,Defensive Foul,SAS,Challenge,,Lost,4,00:39.5,https://dmmx2.nba.com/videourlredirect?&project=/opsrep/trigger16_atlsas_1_040121
04/02/2021,DAL,NYK,Defensive Foul,NYK,Challenge,,Won,3,11:05.0,https://dmmx2.nba.com/videourlredirect?&project=/opsrep/trigger16_dalnyk_1_040221
04/02/2021,GSW,TOR,Loose Ball Foul,GSW,Challenge,,Won,3,01:10.0,https://dmmx2.nba.com/videourlredirect?&project=/opsrep/trigger16_gswtor_1_040221
04/02/2021,MIN,MEM,Defensive Foul,MIN,Challenge,,Won,3,04:39.0,https://dmmx2.nba.com/videourlredirect?&project=/opsrep/trigger16_minmem_1_040221
04/02/2021,MIN,MEM,Defensive Foul,MEM,Challenge,,Lost,4,04:28.0,https://dmmx2.nba.com/videourlredirect?&project=/opsrep/trigger16_minmem_2_040221
04/02/2021,CHI,UTA,Defensive Foul,UTA,Challenge,,Lost,4,10:19.0,https://dmmx2.nba.com/videourlredirect?&project=/opsrep/trigger16_chiuta_1_040221
04/02/2021,ATL,NOP,Offensive Foul,NOP,Challenge,,Lost,4,09:08.0,https://dmmx2.nba.com/videourlredirect?&project=/opsrep/trigger16_atlnop_1_040221
04/02/2021,LAL,SAC,Defensive Foul,SAC,Challenge,,Won,4,06:30.0,https://dmmx2.nba.com/videourlredirect?&project=/opsrep/trigger16_lalsac_1_040221
04/03/2021,IND,SAS,Defensive Foul,SAS,Challenge,,Lost,2,01:24.0,https://dmmx2.nba.com/videourlredirect?&project=/opsrep/trigger16_indsas_1_040321
04/03/2021,CLE,MIA,Defensive Foul,MIA,Challenge,,Lost,4,04:52.0,https://dmmx2.nba.com/videourlredirect?&project=/opsrep/trigger16_clemia_1_040321
04/03/2021,IND,SAS,Defensive Foul,IND,Challenge,,Lost,4,00:29.8,https://dmmx2.nba.com/videourlredirect?&project=/opsrep/trigger16_indsas_2_040321
04/04/2021,LAL,LAC,Offensive Foul,LAC,Challenge,,Lost,2,06:19.0,https://dmmx2.nba.com/videourlredirect?&project=/opsrep/trigger16_lallac_1_040421
04/04/2021,GSW,ATL,Defensive Foul,ATL,Challenge,,Lost,2,00:39.5,https://dmmx2.nba.com/videourlredirect?&project=/opsrep/trigger16_gswatl_1_040421
04/04/2021,MEM,PHI,Defensive Foul,PHI,Challenge,,Lost,4,03:19.0,https://dmmx2.nba.com/videourlredirect?&project=/opsrep/trigger16_memphi_1_040421
04/04/2021,ORL,DEN,Defensive Foul,DEN,Challenge,,Lost,3,02:39.0,https://dmmx2.nba.com/videourlredirect?&project=/opsrep/trigger16_orlden_1_040421
04/05/2021,SAC,MIN,Defensive Foul,SAC,Challenge,,Lost,2,04:06.0,https://dmmx2.nba.com/videourlredirect?&project=/opsrep/trigger16_sacmin_1_040521
04/05/2021,WAS,TOR,Offensive Foul,TOR,Challenge,,Won,3,11:27.0,https://dmmx2.nba.com/videourlredirect?&project=/opsrep/trigger16_wastor_1_040521
04/05/2021,WAS,TOR,Home Team Ball,WAS,Challenge,,Won,3,07:53.0,https://dmmx2.nba.com/videourlredirect?&project=/opsrep/trigger17_wastor_1_040521
04/05/2021,SAC,MIN,Away Team Ball,MIN,Challenge,,Won,3,01:49.0,https://dmmx2.nba.com/videourlredirect?&project=/opsrep/trigger17_sacmin_1_040521
04/05/2021,PHX,HOU,Defensive Foul,HOU,Challenge,,Lost,2,04:28.0,https://dmmx2.nba.com/videourlredirect?&project=/opsrep/trigger16_phxhou_1_040521
04/05/2021,DET,OKC,Loose Ball Foul,DET,Challenge,,Lost,4,06:00.0,https://dmmx2.nba.com/videourlredirect?&project=/opsrep/trigger16_detokc_1_040521
04/05/2021,NYK,BKN,Defensive Foul,NYK,Challenge,,Won,4,04:05.0,https://dmmx2.nba.com/videourlredirect?&project=/opsrep/trigger16_nykbkn_1_040521
04/05/2021,PHX,HOU,Home Team Ball,PHX,Challenge,,Won,4,02:17.0,https://dmmx2.nba.com/videourlredirect?&project=/opsrep/trigger17_phxhou_1_040521
04/06/2021,LAL,TOR,Defensive Foul,LAL,Challenge,,Lost,3,07:11.0,https://dmmx2.nba.com/videourlredirect?&project=/opsrep/trigger16_laltor_1_040621
04/06/2021,LAL,TOR,Defensive Foul,TOR,Challenge,,Won,4,00:18.3,https://dmmx2.nba.com/videourlredirect?&project=/opsrep/trigger16_laltor_2_040621
04/06/2021,MIL,GSW,Defensive Foul,GSW,Challenge,,Lost,4,02:09.0,https://dmmx2.nba.com/videourlredirect?&project=/opsrep/trigger16_milgsw_1_040621
04/07/2021,NOP,BKN,Offensive Foul,BKN,Challenge,,Won,1,04:23.0,https://dmmx2.nba.com/videourlredirect?&project=/opsrep/trigger16_nopbkn_1_040721
04/07/2021,NYK,BOS,Offensive Foul,BOS,Challenge,,Lost,1,01:50.0,https://dmmx2.nba.com/videourlredirect?&project=/opsrep/trigger16_nykbos_1_040721
04/07/2021,DAL,HOU,Defensive Foul,HOU,Challenge,,Won,1,03:36.0,https://dmmx2.nba.com/videourlredirect?&project=/opsrep/trigger16_dalhou_1_040721
04/07/2021,MIN,IND,Defensive Foul,IND,Challenge,,Lost,4,07:27.0,https://dmmx2.nba.com/videourlredirect?&project=/opsrep/trigger16_minind_1_040721
04/07/2021,NYK,BOS,Defensive Foul,NYK,Challenge,,Lost,3,05:34.0,https://dmmx2.nba.com/videourlredirect?&project=/opsrep/trigger16_nykbos_2_040721
04/07/2021,NOP,BKN,Offensive Foul,NOP,Challenge,,Won,3,11:04.0,https://dmmx2.nba.com/videourlredirect?&project=/opsrep/trigger16_nopbkn_2_040721
04/07/2021,CHA,OKC,Defensive Foul,CHA,Challenge,,Won,3,08:10.0,https://dmmx2.nba.com/videourlredirect?&project=/opsrep/trigger16_chaokc_1_040721
04/08/2021,CHI,TOR,Offensive Foul,CHI,Challenge,,Won,4,06:59.0,https://dmmx2.nba.com/videourlredirect?&project=/opsrep/trigger16_chitor_1_040821
04/08/2021,LAL,MIA,Defensive Foul,MIA,Challenge,,Won,4,00:48.0,https://dmmx2.nba.com/videourlredirect?&project=/opsrep/trigger16_lalmia_1_040821
04/08/2021,POR,UTA,Defensive Foul,UTA,Challenge,,Won,1,00:07.4,https://dmmx2.nba.com/videourlredirect?&project=/opsrep/trigger16_poruta_1_040821
04/08/2021,MIL,DAL,Defensive Foul,MIL,Challenge,,Lost,4,05:43.0,https://dmmx2.nba.com/videourlredirect?&project=/opsrep/trigger16_mildal_1_040821
04/08/2021,MIL,DAL,Defensive Foul,DAL,Challenge,,Won,4,03:37.0,https://dmmx2.nba.com/videourlredirect?&project=/opsrep/trigger16_mildal_2_040821
04/08/2021,POR,UTA,Defensive Foul,POR,Challenge,,Lost,4,06:00.0,https://dmmx2.nba.com/videourlredirect?&project=/opsrep/trigger16_poruta_2_040821
04/08/2021,PHX,LAC,Defensive Foul,LAC,Challenge,,Won,4,03:19.0,https://dmmx2.nba.com/videourlredirect?&project=/opsrep/trigger16_phxlac_1_040821
04/09/2021,PHI,NOP,Defensive Foul,NOP,Challenge,,Won,2,01:33.0,https://dmmx2.nba.com/videourlredirect?&project=/opsrep/trigger16_phinop_1_040921
04/09/2021,IND,ORL,Defensive Foul,IND,Challenge,,Lost,4,06:41.0,https://dmmx2.nba.com/videourlredirect?&project=/opsrep/trigger16_indorl_1_040921
04/09/2021,MIN,BOS,Defensive Foul,BOS,Challenge,,Lost,3,04:49.0,https://dmmx2.nba.com/videourlredirect?&project=/opsrep/trigger16_minbos_1_040921
04/09/2021,MEM,NYK,Defensive Foul,NYK,Challenge,,Won,4,09:04.0,https://dmmx2.nba.com/videourlredirect?&project=/opsrep/trigger16_memnyk_1_040921
04/09/2021,HOU,LAC,Offensive Foul,HOU,Challenge,,Won,2,08:02.0,https://dmmx2.nba.com/videourlredirect?&project=/opsrep/trigger16_houlac_1_040921
04/09/2021,HOU,LAC,Away Team Ball,LAC,Challenge,,Won,4,05:15.0,https://dmmx2.nba.com/videourlredirect?&project=/opsrep/trigger17_houlac_1_040921
04/11/2021,ATL,CHA,Home Team Ball,ATL,Challenge,,Won,4,06:27.0,https://dmmx2.nba.com/videourlredirect?&project=/opsrep/trigger17_atlcha_1_041121
04/11/2021,BOS,DEN,Goaltending,BOS,Challenge,,Lost,3,11:43.0,https://dmmx2.nba.com/videourlredirect?&project=/opsrep/trigger18_bosden_1_041121
04/11/2021,BOS,DEN,Defensive Foul,DEN,Challenge,,Won,4,02:33.0,https://dmmx2.nba.com/videourlredirect?&project=/opsrep/trigger16_bosden_1_041121
04/11/2021,TOR,NYK,Jump Ball,NYK,Challenge,,Won,2,00:45.5,https://dmmx2.nba.com/videourlredirect?&project=/opsrep/trigger17_tornyk_1_041121
04/11/2021,IND,MEM,Defensive Foul,IND,Challenge,,Lost,3,05:38.0,https://dmmx2.nba.com/videourlredirect?&project=/opsrep/trigger16_indmem_1_041121
04/11/2021,TOR,NYK,Defensive Foul,TOR,Challenge,,Won,3,01:43.0,https://dmmx2.nba.com/videourlredirect?&project=/opsrep/trigger16_tornyk_1_041121
04/11/2021,CHI,MIN,Away Team Ball,MIN,Challenge,,Won,4,03:25.0,https://dmmx2.nba.com/videourlredirect?&project=/opsrep/trigger17_chimin_1_041121
04/11/2021,MIA,POR,Defensive Foul,POR,Challenge,,Won,2,08:26.0,https://dmmx2.nba.com/videourlredirect?&project=/opsrep/trigger16_miapor_1_041121
04/11/2021,DET,LAC,Defensive Foul,LAC,Challenge,,Lost,2,06:00.0,https://dmmx2.nba.com/videourlredirect?&project=/opsrep/trigger16_detlac_1_041121
04/11/2021,MIA,POR,Defensive Foul,MIA,Challenge,,Won,4,07:53.0,https://dmmx2.nba.com/videourlredirect?&project=/opsrep/trigger16_miapor_2_041121
04/11/2021,DET,LAC,Goaltending,DET,Challenge,,Lost,4,03:10.0,https://dmmx2.nba.com/videourlredirect?&project=/opsrep/trigger18_detlac_1_041121
04/12/2021,LAL,NYK,Defensive Foul,NYK,Challenge,,Lost,3,04:39.0,https://dmmx2.nba.com/videourlredirect?&project=/opsrep/trigger16_lalnyk_1_041221
04/12/2021,SAS,ORL,Defensive Foul,SAS,Challenge,,Lost,3,04:26.0,https://dmmx2.nba.com/videourlredirect?&project=/opsrep/trigger16_sasorl_1_041221
04/12/2021,SAS,ORL,Defensive Foul,ORL,Challenge,,Won,3,03:37.0,https://dmmx2.nba.com/videourlredirect?&project=/opsrep/trigger16_sasorl_2_041221
04/12/2021,SAC,NOP,Offensive Foul,SAC,Challenge,,Lost,3,02:57.0,https://dmmx2.nba.com/videourlredirect?&project=/opsrep/trigger16_sacnop_1_041221
04/13/2021,OKC,UTA,Defensive Foul,OKC,Challenge,,Won,3,05:18.0,https://dmmx2.nba.com/videourlredirect?&project=/opsrep/trigger16_okcuta_1_041321
04/13/2021,MIA,PHX,Defensive Foul,PHX,Challenge,,Lost,4,10:28.0,https://dmmx2.nba.com/videourlredirect?&project=/opsrep/trigger16_miaphx_1_041321
04/14/2021,ORL,CHI,Defensive Foul,ORL,Challenge,,Won,1,02:32.0,https://dmmx2.nba.com/videourlredirect?&project=/opsrep/trigger16_orlchi_1_041421
04/14/2021,CLE,CHA,Defensive Foul,CHA,Challenge,,Lost,3,03:42.0,https://dmmx2.nba.com/videourlredirect?&project=/opsrep/trigger16_clecha_1_041421
04/14/2021,BKN,PHI,Defensive Foul,BKN,Challenge,,Lost,4,01:05.0,https://dmmx2.nba.com/videourlredirect?&project=/opsrep/trigger16_bknphi_1_041421
04/14/2021,MIA,DEN,Offensive Foul,DEN,Challenge,,Won,2,04:03.0,https://dmmx2.nba.com/videourlredirect?&project=/opsrep/trigger16_miaden_1_041421
04/15/2021,GSW,CLE,Defensive Foul,CLE,Challenge,,Won,2,09:01.0,
04/15/2021,GSW,CLE,Defensive Foul,GSW,Challenge,,Won,4,05:59.0,https://dmmx2.nba.com/videourlredirect?&project=/opsrep/trigger16_gswcle_2_041521
04/15/2021,SAC,PHX,Defensive Foul,PHX,Challenge,,Won,4,03:15.0,https://dmmx2.nba.com/videourlredirect?&project=/opsrep/trigger16_sacphx_1_041521
04/16/2021,IND,UTA,Defensive Foul,IND,Challenge,,Won,4,01:06.0,https://dmmx2.nba.com/videourlredirect?&project=/opsrep/trigger16_induta_1_041621
04/16/2021,OKC,DET,Defensive Foul,OKC,Challenge,,Lost,2,06:20.0,https://dmmx2.nba.com/videourlredirect?&project=/opsrep/trigger16_okcdet_1_041621
04/16/2021,ORL,TOR,Defensive Foul,ORL,Challenge,,Lost,2,10:06.0,https://dmmx2.nba.com/videourlredirect?&project=/opsrep/trigger16_orltor_1_041621
04/16/2021,ORL,TOR,Defensive Foul,TOR,Challenge,,Lost,3,06:46.0,https://dmmx2.nba.com/videourlredirect?&project=/opsrep/trigger16_orltor_2_041621
04/16/2021,OKC,DET,Offensive Foul,DET,Challenge,,Won,4,03:11.0,https://dmmx2.nba.com/videourlredirect?&project=/opsrep/trigger16_okcdet_2_041621
04/16/2021,NOP,WAS,Defensive Foul,WAS,Challenge,,Won,5,03:44.0,https://dmmx2.nba.com/videourlredirect?&project=/opsrep/trigger16_nopwas_1_041621
04/16/2021,MIA,MIN,Offensive Foul,MIN,Challenge,,Won,3,06:18.0,https://dmmx2.nba.com/videourlredirect?&project=/opsrep/trigger16_miamin_1_041621
04/16/2021,NOP,WAS,Defensive Foul,NOP,Challenge,,Lost,5,00:01.8,https://dmmx2.nba.com/videourlredirect?&project=/opsrep/trigger16_nopwas_2_041621
04/17/2021,GSW,BOS,Defensive Foul,BOS,Challenge,,Won,4,03:31.0,https://dmmx2.nba.com/videourlredirect?&project=/opsrep/trigger16_gswbos_1_041721
04/18/2021,NOP,NYK,Defensive Foul,NYK,Challenge,,Lost,5,00:31.5,https://dmmx2.nba.com/videourlredirect?&project=/opsrep/trigger16_nopnyk_1_041821
04/18/2021,HOU,ORL,Defensive Foul,HOU,Challenge,,Won,3,10:01.0,https://dmmx2.nba.com/videourlredirect?&project=/opsrep/trigger16_houorl_1_041821
04/18/2021,OKC,TOR,Defensive Foul,OKC,Challenge,,Lost,3,03:16.0,https://dmmx2.nba.com/videourlredirect?&project=/opsrep/trigger16_okctor_1_041821
04/18/2021,POR,CHA,Defensive Foul,POR,Challenge,,Won,4,03:34.0,https://dmmx2.nba.com/videourlredirect?&project=/opsrep/trigger16_porcha_1_041821
04/18/2021,OKC,TOR,Defensive Foul,TOR,Challenge,,Lost,4,00:33.3,https://dmmx2.nba.com/videourlredirect?&project=/opsrep/trigger16_okctor_2_041821
04/18/2021,SAC,DAL,Defensive Foul,DAL,Challenge,,Lost,4,06:43.0,https://dmmx2.nba.com/videourlredirect?&project=/opsrep/trigger16_sacdal_1_041821
04/19/2021,SAS,IND,Defensive Foul,IND,Challenge,,Lost,2,07:38.0,https://dmmx2.nba.com/videourlredirect?&project=/opsrep/trigger16_sasind_1_041921
04/19/2021,CLE,DET,Defensive Foul,CLE,Challenge,,Lost,4,05:44.0,https://dmmx2.nba.com/videourlredirect?&project=/opsrep/trigger16_cledet_1_041921
04/19/2021,CHI,BOS,Defensive Foul,BOS,Challenge,,Won,4,06:08.0,https://dmmx2.nba.com/videourlredirect?&project=/opsrep/trigger16_chibos_1_041921
04/19/2021,PHX,MIL,Defensive Foul,MIL,Challenge,,Won,3,06:38.0,https://dmmx2.nba.com/videourlredirect?&project=/opsrep/trigger16_phxmil_1_041921
04/19/2021,PHX,MIL,Defensive Foul,PHX,Challenge,,Lost,4,01:18.0,https://dmmx2.nba.com/videourlredirect?&project=/opsrep/trigger16_phxmil_2_041921
04/19/2021,MEM,DEN,Defensive Foul,DEN,Challenge,,Won,5,01:41.0,https://dmmx2.nba.com/videourlredirect?&project=/opsrep/trigger16_memden_1_041921
04/20/2021,BKN,NOP,Defensive Foul,BKN,Challenge,,Lost,4,03:14.0,https://dmmx2.nba.com/videourlredirect?&project=/opsrep/trigger16_bknnop_1_042021
04/20/2021,LAC,POR,Defensive Foul,LAC,Challenge,,Lost,2,00:01.7,https://dmmx2.nba.com/videourlredirect?&project=/opsrep/trigger16_lacpor_1_042021
04/20/2021,LAC,POR,Defensive Foul,POR,Challenge,,Won,3,02:58.0,
04/21/2021,PHX,PHI,Defensive Foul,PHI,Challenge,,Won,3,05:02.0,https://dmmx2.nba.com/videourlredirect?&project=/opsrep/trigger16_phxphi_1_042121
04/21/2021,BKN,TOR,Loose Ball Foul,BKN,Challenge,,Lost,4,05:39.0,https://dmmx2.nba.com/videourlredirect?&project=/opsrep/trigger16_bkntor_1_042121
04/21/2021,MIA,SAS,Defensive Foul,SAS,Challenge,,Won,2,00:48.5,https://dmmx2.nba.com/videourlredirect?&project=/opsrep/trigger16_miasas_1_042121
04/21/2021,ATL,NYK,Defensive Foul,NYK,Challenge,,Lost,4,05:31.0,https://dmmx2.nba.com/videourlredirect?&project=/opsrep/trigger16_atlnyk_1_042121
04/21/2021,DET,DAL,Loose Ball Foul,DET,Challenge,,Won,3,01:56.0,https://dmmx2.nba.com/videourlredirect?&project=/opsrep/trigger16_detdal_1_042121
04/21/2021,DEN,POR,Defensive Foul,DEN,Challenge,,Lost,1,01:57.0,https://dmmx2.nba.com/videourlredirect?&project=/opsrep/trigger16_denpor_1_042121
04/21/2021,DEN,POR,Defensive Foul,POR,Challenge,,Lost,4,01:15.0,https://dmmx2.nba.com/videourlredirect?&project=/opsrep/trigger16_denpor_2_042121
04/22/2021,NOP,ORL,Defensive Foul,NOP,Challenge,,Won,3,09:24.0,https://dmmx2.nba.com/videourlredirect?&project=/opsrep/trigger16_noporl_1_042221
04/22/2021,PHX,BOS,Defensive Foul,PHX,Challenge,,Lost,4,02:51.0,https://dmmx2.nba.com/videourlredirect?&project=/opsrep/trigger16_phxbos_1_042221
04/22/2021,LAL,DAL,Defensive Foul,LAL,Challenge,,Lost,4,00:18.3,https://dmmx2.nba.com/videourlredirect?&project=/opsrep/trigger16_laldal_1_042221
04/23/2021,MIA,ATL,Defensive Foul,ATL,Challenge,,Won,2,02:56.0,https://dmmx2.nba.com/videourlredirect?&project=/opsrep/trigger16_miaatl_1_042321
04/23/2021,MIA,ATL,Defensive Foul,MIA,Challenge,,Won,2,02:02.0,https://dmmx2.nba.com/videourlredirect?&project=/opsrep/trigger16_miaatl_2_042321
04/23/2021,CLE,CHA,Offensive Foul,CHA,Challenge,,Won,2,10:48.0,https://dmmx2.nba.com/videourlredirect?&project=/opsrep/trigger16_clecha_1_042321
04/23/2021,BOS,BKN,Defensive Foul,BOS,Challenge,,Won,4,07:49.0,https://dmmx2.nba.com/videourlredirect?&project=/opsrep/trigger16_bosbkn_1_042321
04/23/2021,MEM,POR,Defensive Foul,MEM,Challenge,,Won,1,04:09.0,https://dmmx2.nba.com/videourlredirect?&project=/opsrep/trigger16_mempor_1_042321
04/23/2021,DEN,GSW,Defensive Foul,DEN,Challenge,,Lost,4,03:07.0,https://dmmx2.nba.com/videourlredirect?&project=/opsrep/trigger16_dengsw_1_042321
04/24/2021,TOR,NYK,Goaltending,NYK,Challenge,,Won,2,10:03.0,https://dmmx2.nba.com/videourlredirect?&project=/opsrep/trigger18_tornyk_1_042421
04/24/2021,TOR,NYK,Defensive Foul,TOR,Challenge,,Lost,4,08:08.0,https://dmmx2.nba.com/videourlredirect?&project=/opsrep/trigger16_tornyk_1_042421
04/24/2021,SAS,NOP,Offensive Foul,NOP,Challenge,,Won,2,00:29.9,https://dmmx2.nba.com/videourlredirect?&project=/opsrep/trigger16_sasnop_1_042421
04/24/2021,HOU,DEN,Offensive Foul,DEN,Challenge,,Lost,3,05:10.0,https://dmmx2.nba.com/videourlredirect?&project=/opsrep/trigger16_houden_1_042421
04/25/2021,BOS,CHA,Defensive Foul,BOS,Challenge,,Won,3,07:06.0,https://dmmx2.nba.com/videourlredirect?&project=/opsrep/trigger16_boscha_2_042521
04/25/2021,MEM,POR,Defensive Foul,POR,Challenge,,Won,3,09:50.0,https://dmmx2.nba.com/videourlredirect?&project=/opsrep/trigger16_mempor_1_042521
04/25/2021,PHX,BKN,Home Team Ball,PHX,Challenge,,Lost,4,05:12.0,https://dmmx2.nba.com/videourlredirect?&project=/opsrep/trigger17_phxbkn_1_042521
04/25/2021,CLE,WAS,Defensive Foul,CLE,Challenge,,Lost,4,10:29.0,https://dmmx2.nba.com/videourlredirect?&project=/opsrep/trigger16_clewas_1_042521
04/25/2021,CLE,WAS,Defensive Foul,WAS,Challenge,,Lost,4,00:39.7,https://dmmx2.nba.com/videourlredirect?&project=/opsrep/trigger16_clewas_2_042521
04/26/2021,LAL,ORL,Offensive Foul,ORL,Challenge,,Won,2,05:00.0,https://dmmx2.nba.com/videourlredirect?&project=/opsrep/trigger16_lalorl_1_042621
04/26/2021,LAC,NOP,Offensive Foul,NOP,Challenge,,Won,4,04:46.0,https://dmmx2.nba.com/videourlredirect?&project=/opsrep/trigger16_lacnop_1_042621
04/27/2021,MIL,CHA,Offensive Foul,MIL,Challenge,,Lost,4,03:26.0,https://dmmx2.nba.com/videourlredirect?&project=/opsrep/trigger16_milcha_1_042721
04/27/2021,BKN,TOR,Offensive Foul,TOR,Challenge,,Lost,4,01:43.0,https://dmmx2.nba.com/videourlredirect?&project=/opsrep/trigger16_bkntor_1_042721
04/28/2021,CHA,BOS,Defensive Foul,BOS,Challenge,,Lost,2,03:19.0,https://dmmx2.nba.com/videourlredirect?&project=/opsrep/trigger16_chabos_1_042821
04/28/2021,SAS,MIA,Offensive Foul,MIA,Challenge,,Won,2,07:55.0,https://dmmx2.nba.com/videourlredirect?&project=/opsrep/trigger16_sasmia_1_042821
04/28/2021,POR,MEM,Defensive Foul,POR,Challenge,,Lost,2,00:22.2,https://dmmx2.nba.com/videourlredirect?&project=/opsrep/trigger16_pormem_1_042821
04/28/2021,SAS,MIA,Defensive Foul,SAS,Challenge,,Lost,4,00:21.7,https://dmmx2.nba.com/videourlredirect?&project=/opsrep/trigger16_sasmia_2_042821
04/29/2021,GSW,MIN,Defensive Foul,GSW,Challenge,,Lost,3,04:22.0,https://dmmx2.nba.com/videourlredirect?&project=/opsrep/trigger16_gswmin_1_042921
04/29/2021,TOR,DEN,Defensive Foul,TOR,Challenge,,Won,2,08:16.0,https://dmmx2.nba.com/videourlredirect?&project=/opsrep/trigger16_torden_1_042921
04/29/2021,NOP,OKC,Offensive Foul,OKC,Challenge,,Lost,3,01:10.0,https://dmmx2.nba.com/videourlredirect?&project=/opsrep/trigger16_nopokc_1_042921
04/29/2021,TOR,DEN,Defensive Foul,DEN,Challenge,,Lost,4,05:00.0,https://dmmx2.nba.com/videourlredirect?&project=/opsrep/trigger16_torden_2_042921
04/30/2021,SAS,BOS,Defensive Foul,BOS,Challenge,,Lost,2,05:24.0,https://dmmx2.nba.com/videourlredirect?&project=/opsrep/trigger16_sasbos_1_043021
04/30/2021,ORL,MEM,Defensive Foul,ORL,Challenge,,Won,2,07:39.0,https://dmmx2.nba.com/videourlredirect?&project=/opsrep/trigger16_orlmem_1_043021
04/30/2021,SAS,BOS,Defensive Foul,SAS,Challenge,,Won,5,00:31.2,https://dmmx2.nba.com/videourlredirect?&project=/opsrep/trigger16_sasbos_2_043021
05/01/2021,GSW,HOU,Defensive Foul,HOU,Challenge,,Won,1,02:27.0,https://dmmx2.nba.com/videourlredirect?&project=/opsrep/trigger16_gswhou_1_050121
05/01/2021,NOP,MIN,Defensive Foul,MIN,Challenge,,Won,2,00:11.4,https://dmmx2.nba.com/videourlredirect?&project=/opsrep/trigger16_nopmin_1_050121
05/01/2021,MEM,ORL,Defensive Foul,MEM,Challenge,,Lost,4,06:21.0,https://dmmx2.nba.com/videourlredirect?&project=/opsrep/trigger16_memorl_1_050121
05/01/2021,MEM,ORL,Defensive Foul,ORL,Challenge,,Lost,4,05:18.0,https://dmmx2.nba.com/videourlredirect?&project=/opsrep/trigger16_memorl_2_050121
05/01/2021,CHI,ATL,Defensive Foul,ATL,Challenge,,Won,4,01:21.0,https://dmmx2.nba.com/videourlredirect?&project=/opsrep/trigger16_chiatl_1_050121
05/01/2021,DEN,LAC,Defensive Foul,LAC,Challenge,,Lost,4,01:40.0,
05/02/2021,SAC,DAL,Defensive Foul,SAC,Challenge,,Won,2,01:37.0,https://dmmx2.nba.com/videourlredirect?&project=/opsrep/trigger16_sacdal_1_050221
05/02/2021,PHX,OKC,Defensive Foul,OKC,Challenge,,Lost,3,05:48.0,https://dmmx2.nba.com/videourlredirect?&project=/opsrep/trigger16_phxokc_1_050221
05/02/2021,POR,BOS,Defensive Foul,POR,Challenge,,Lost,4,03:30.0,https://dmmx2.nba.com/videourlredirect?&project=/opsrep/trigger16_porbos_1_050221
05/02/2021,SAC,DAL,Away Team Ball,DAL,Challenge,,Lost,4,07:49.0,https://dmmx2.nba.com/videourlredirect?&project=/opsrep/trigger17_sacdal_1_050221
05/02/2021,PHX,OKC,Defensive Foul,PHX,Challenge,,Won,4,00:16.0,https://dmmx2.nba.com/videourlredirect?&project=/opsrep/trigger16_phxokc_2_050221
05/02/2021,PHI,SAS,Defensive Foul,PHI,Challenge,,Won,5,02:19.0,https://dmmx2.nba.com/videourlredirect?&project=/opsrep/trigger16_phisas_1_050221
05/02/2021,PHI,SAS,Offensive Foul,SAS,Challenge,,Lost,5,01:09.0,https://dmmx2.nba.com/videourlredirect?&project=/opsrep/trigger16_phisas_2_050221
05/03/2021,ORL,DET,Defensive Foul,DET,Challenge,,Won,1,08:15.0,https://dmmx2.nba.com/videourlredirect?&project=/opsrep/trigger16_orldet_1_050321
05/03/2021,GSW,NOP,Offensive Foul,NOP,Challenge,,Lost,3,05:43.0,https://dmmx2.nba.com/videourlredirect?&project=/opsrep/trigger16_gswnop_1_050321
05/03/2021,DEN,LAL,Defensive Foul,LAL,Challenge,,Won,2,03:24.0,https://dmmx2.nba.com/videourlredirect?&project=/opsrep/trigger16_denlal_1_050321
05/04/2021,CHA,DET,Defensive Foul,CHA,Challenge,,Lost,4,00:08.3,https://dmmx2.nba.com/videourlredirect?&project=/opsrep/trigger16_chadet_1_050421
05/04/2021,TOR,LAC,Offensive Foul,TOR,Challenge,,Lost,4,01:30.0,https://dmmx2.nba.com/videourlredirect?&project=/opsrep/trigger16_torlac_1_050421
05/05/2021,PHX,ATL,Goaltending,ATL,Challenge,,Lost,3,03:34.0,https://dmmx2.nba.com/videourlredirect?&project=/opsrep/trigger18_phxatl_1_050521
05/05/2021,SAC,IND,Defensive Foul,SAC,Challenge,,Won,3,03:59.0,https://dmmx2.nba.com/videourlredirect?&project=/opsrep/trigger16_sacind_1_050521
05/05/2021,WAS,MIL,Defensive Foul,MIL,Challenge,,Won,4,03:48.0,https://dmmx2.nba.com/videourlredirect?&project=/opsrep/trigger16_wasmil_1_050521
05/06/2021,WAS,TOR,Defensive Foul,TOR,Challenge,,Lost,2,03:28.0,https://dmmx2.nba.com/videourlredirect?&project=/opsrep/trigger16_wastor_1_050621
05/06/2021,BKN,DAL,Defensive Foul,DAL,Challenge,,Lost,4,00:08.0,https://dmmx2.nba.com/videourlredirect?&project=/opsrep/trigger16_bkndal_1_050621
05/06/2021,WAS,TOR,Loose Ball Foul,WAS,Challenge,,Won,5,00:45.5,https://dmmx2.nba.com/videourlredirect?&project=/opsrep/trigger16_wastor_2_050621
05/06/2021,OKC,GSW,Defensive Foul,OKC,Challenge,,Lost,3,03:05.0,https://dmmx2.nba.com/videourlredirect?&project=/opsrep/trigger16_okcgsw_1_050621
05/06/2021,LAL,LAC,Defensive Foul,LAL,Challenge,,Won,3,06:11.0,https://dmmx2.nba.com/videourlredirect?&project=/opsrep/trigger16_lallac_1_050621
05/07/2021,BOS,CHI,Home Team Ball,BOS,Challenge,,Lost,3,02:58.0,https://dmmx2.nba.com/videourlredirect?&project=/opsrep/trigger17_boschi_1_050721
05/07/2021,DEN,UTA,Defensive Foul,UTA,Challenge,,Lost,2,10:09.0,https://dmmx2.nba.com/videourlredirect?&project=/opsrep/trigger16_denuta_1_050721
05/07/2021,HOU,MIL,Home Team Ball,HOU,Challenge,,Won,4,03:30.0,https://dmmx2.nba.com/videourlredirect?&project=/opsrep/trigger17_houmil_1_050721
05/07/2021,MIN,MIA,Offensive Foul,MIN,Challenge,,Won,4,02:52.0,https://dmmx2.nba.com/videourlredirect?&project=/opsrep/trigger16_minmia_1_050721
05/07/2021,NYK,PHX,Defensive Foul,NYK,Challenge,,Lost,1,04:15.0,https://dmmx2.nba.com/videourlredirect?&project=/opsrep/trigger16_nykphx_1_050721
05/07/2021,DEN,UTA,Defensive Foul,DEN,Challenge,,Lost,3,06:23.0,https://dmmx2.nba.com/videourlredirect?&project=/opsrep/trigger16_denuta_2_050721
05/07/2021,LAL,POR,Defensive Foul,LAL,Challenge,,Lost,1,00:12.5,https://dmmx2.nba.com/videourlredirect?&project=/opsrep/trigger16_lalpor_1_050721
05/08/2021,WAS,IND,Defensive Foul,IND,Challenge,,Won,3,11:08.0,https://dmmx2.nba.com/videourlredirect?&project=/opsrep/trigger16_wasind_1_050821
05/08/2021,OKC,GSW,Defensive Foul,OKC,Challenge,,Won,3,08:26.0,https://dmmx2.nba.com/videourlredirect?&project=/opsrep/trigger16_okcgsw_1_050821
05/09/2021,MIA,BOS,Defensive Foul,BOS,Challenge,,Won,4,03:53.0,https://dmmx2.nba.com/videourlredirect?&project=/opsrep/trigger16_miabos_1_050921
05/09/2021,PHX,LAL,Defensive Foul,LAL,Challenge,,Won,1,00:21.7,https://dmmx2.nba.com/videourlredirect?&project=/opsrep/trigger16_phxlal_1_050921
05/10/2021,NOP,MEM,Defensive Foul,NOP,Challenge,,Lost,2,00:32.1,https://dmmx2.nba.com/videourlredirect?&project=/opsrep/trigger16_nopmem_1_051021
05/10/2021,IND,CLE,Defensive Foul,IND,Challenge,,Lost,4,00:34.3,https://dmmx2.nba.com/videourlredirect?&project=/opsrep/trigger16_indcle_1_051021
05/10/2021,MIL,SAS,Offensive Foul,MIL,Challenge,,Won,4,08:47.0,https://dmmx2.nba.com/videourlredirect?&project=/opsrep/trigger16_milsas_1_051021
05/10/2021,HOU,POR,Defensive Foul,POR,Challenge,,Lost,4,03:48.0,https://dmmx2.nba.com/videourlredirect?&project=/opsrep/trigger16_houpor_1_051021
05/11/2021,LAC,TOR,Defensive Foul,TOR,Challenge,,Won,3,07:36.0,https://dmmx2.nba.com/videourlredirect?&project=/opsrep/trigger16_lactor_1_051121
05/11/2021,BKN,CHI,Offensive Foul,CHI,Challenge,,Won,3,11:12.0,https://dmmx2.nba.com/videourlredirect?&project=/opsrep/trigger16_bknchi_1_051121
05/11/2021,OKC,SAC,Defensive Foul,OKC,Challenge,,Lost,1,11:15.0,https://dmmx2.nba.com/videourlredirect?&project=/opsrep/trigger16_okcsac_1_051121
05/11/2021,ORL,MIL,Defensive Foul,ORL,Challenge,,Lost,4,03:59.0,https://dmmx2.nba.com/videourlredirect?&project=/opsrep/trigger16_orlmil_1_051121
05/11/2021,NYK,LAL,Goaltending,LAL,Challenge,,Won,3,03:13.0,
05/11/2021,NYK,LAL,Home Team Ball,NYK,Challenge,,Won,4,03:17.0,https://dmmx2.nba.com/videourlredirect?&project=/opsrep/trigger17_nyklal_1_051121
05/12/2021,POR,UTA,Defensive Foul,UTA,Challenge,,Won,1,00:28.6,https://dmmx2.nba.com/videourlredirect?&project=/opsrep/trigger16_poruta_1_051221
05/12/2021,POR,UTA,Defensive Foul,POR,Challenge,,Won,3,05:27.0,https://dmmx2.nba.com/videourlredirect?&project=/opsrep/trigger16_poruta_2_051221
05/12/2021,HOU,LAL,Defensive Foul,HOU,Challenge,,Lost,4,02:57.0,https://dmmx2.nba.com/videourlredirect?&project=/opsrep/trigger16_houlal_1_051221
05/13/2021,SAS,NYK,Defensive Foul,NYK,Challenge,,Lost,2,02:25.0,https://dmmx2.nba.com/videourlredirect?&project=/opsrep/trigger16_sasnyk_1_051321
05/13/2021,LAC,CHA,Defensive Foul,LAC,Challenge,,Lost,4,08:41.0,https://dmmx2.nba.com/videourlredirect?&project=/opsrep/trigger16_laccha_1_051321
05/13/2021,TOR,CHI,Defensive Foul,TOR,Challenge,,Lost,3,02:44.0,https://dmmx2.nba.com/videourlredirect?&project=/opsrep/trigger16_torchi_1_051321
05/13/2021,PHI,MIA,Offensive Foul,MIA,Challenge,,Won,4,04:51.0,https://dmmx2.nba.com/videourlredirect?&project=/opsrep/trigger16_phimia_1_051321
05/13/2021,POR,PHX,Defensive Foul,POR,Challenge,,Lost,4,00:02.4,https://dmmx2.nba.com/videourlredirect?&project=/opsrep/trigger16_porphx_1_051321
05/14/2021,UTA,OKC,Defensive Foul,OKC,Challenge,,Lost,3,09:40.0,https://dmmx2.nba.com/videourlredirect?&project=/opsrep/trigger16_utaokc_1_051421
05/14/2021,NOP,GSW,Defensive Foul,GSW,Challenge,,Lost,2,04:34.0,https://dmmx2.nba.com/videourlredirect?&project=/opsrep/trigger16_nopgsw_1_051421
05/14/2021,SAC,MEM,Defensive Foul,SAC,Challenge,,Lost,4,03:19.0,https://dmmx2.nba.com/videourlredirect?&project=/opsrep/trigger16_sacmem_1_051421
05/14/2021,LAC,HOU,Loose Ball Foul,HOU,Challenge,,Won,4,01:41.0,https://dmmx2.nba.com/videourlredirect?&project=/opsrep/trigger16_lachou_1_051421
05/15/2021,CHA,NYK,Goaltending,NYK,Challenge,,Lost,3,07:29.0,https://dmmx2.nba.com/videourlredirect?&project=/opsrep/trigger18_chanyk_1_051521
05/15/2021,LAL,IND,Defensive Foul,IND,Challenge,,Won,4,02:51.0,https://dmmx2.nba.com/videourlredirect?&project=/opsrep/trigger16_lalind_1_051521
05/16/2021,CHA,WAS,Defensive Foul,CHA,Challenge,,Won,3,00:00.7,https://dmmx2.nba.com/videourlredirect?&project=/opsrep/trigger16_chawas_1_051621
05/16/2021,BOS,NYK,Home Team Ball,BOS,Challenge,,Lost,4,04:36.0,https://dmmx2.nba.com/videourlredirect?&project=/opsrep/trigger17_bosnyk_1_051621
05/16/2021,MEM,GSW,Defensive Foul,GSW,Challenge,,Won,4,02:57.0,https://dmmx2.nba.com/videourlredirect?&project=/opsrep/trigger16_memgsw_1_051621
05/16/2021,CLE,BKN,Defensive Foul,BKN,Challenge,,Won,3,06:11.0,https://dmmx2.nba.com/videourlredirect?&project=/opsrep/trigger16_clebkn_1_051621
05/16/2021,LAL,NOP,Defensive Foul,LAL,Challenge,,Lost,3,09:41.0,https://dmmx2.nba.com/videourlredirect?&project=/opsrep/trigger16_lalnop_1_051621
05/16/2021,LAC,OKC,Defensive Foul,OKC,Challenge,,Won,3,08:29.0,https://dmmx2.nba.com/videourlredirect?&project=/opsrep/trigger16_lacokc_1_051621
05/16/2021,DAL,MIN,Offensive Foul,MIN,Challenge,,Lost,4,05:43.0,https://dmmx2.nba.com/videourlredirect?&project=/opsrep/trigger16_dalmin_1_051621
